OBJECTID,UJAHR,UMONAT,USTUNDE,UWOCHENTAG,UKATEGORIE,UART,UTYP1,ULICHTVERH,IstPKW,IstFuss,IstKrad,IstGkfz,IstSonstige,Longitude,Latitude,Kommentar,Stadtteil,typ,involved,art
,2023,11,16,3,Unfall mit Leichtverletzten,5.0,2.0,0.0,1.0,0.0,0.0,0.0,0.0,8.483668714000032,49.49722879300003,,,Abbiegeunfall,"Fahrrad, Pkw",Zusammenstoß mit einbiegendem / kreuzendem Fahrzeug
,2023,11,15,3,Unfall mit Leichtverletzten,5.0,2.0,0.0,1.0,0.0,0.0,0.0,0.0,8.486325279000027,49.52642272200006,,,Abbiegeunfall,"Fahrrad, Pkw",Zusammenstoß mit einbiegendem / kreuzendem Fahrzeug
,2023,11,15,3,Unfall mit Leichtverletzten,1.0,5.0,0.0,1.0,0.0,0.0,0.0,0.0,8.52081542600007,49.512063528000056,,,Unfall durch ruhenden Verkehr,"Fahrrad, Pkw",Zusammenstoß mit anfahrendem/ anhaltendem/ ruhendem Fahrzeug
,2023,11,15,3,Unfall mit Leichtverletzten,1.0,5.0,0.0,0.0,0.0,0.0,0.0,1.0,8.50394178700003,49.50221879500003,,,Unfall durch ruhenden Verkehr,"Fahrrad, Tram/Bus (bis 2017 auch LKW)",Zusammenstoß mit anfahrendem/ anhaltendem/ ruhendem Fahrzeug
,2023,11,12,3,Unfall mit Leichtverletzten,5.0,2.0,0.0,1.0,0.0,0.0,0.0,0.0,8.480879409000067,49.54493202500004,,,Abbiegeunfall,"Fahrrad, Pkw",Zusammenstoß mit einbiegendem / kreuzendem Fahrzeug
,2023,11,9,3,Unfall mit Leichtverletzten,3.0,2.0,0.0,0.0,0.0,0.0,1.0,0.0,8.490700579000077,49.46076759100004,,,Abbiegeunfall,"Fahrrad, LKW",Zusammenstoß mit seitlich in gleicher Richtung fahrendem Fahrzeug
,2023,11,8,3,Unfall mit Schwerverletzten,5.0,3.0,0.0,0.0,0.0,0.0,0.0,1.0,8.510388264000028,49.44663802100007,,,Einbiegen / Kreuzen-Unfall,"Fahrrad, Tram/Bus (bis 2017 auch LKW)",Zusammenstoß mit einbiegendem / kreuzendem Fahrzeug
,2023,11,8,3,Unfall mit Leichtverletzten,1.0,6.0,0.0,1.0,0.0,0.0,0.0,1.0,8.479287792000036,49.48229113000008,,,Unfall im Längsverkehr,"Fahrrad, Pkw, Tram/Bus (bis 2017 auch LKW)",Zusammenstoß mit anfahrendem/ anhaltendem/ ruhendem Fahrzeug
,2023,11,7,3,Unfall mit Leichtverletzten,3.0,2.0,0.0,1.0,0.0,0.0,0.0,0.0,8.488059735000036,49.49766585500004,,,Abbiegeunfall,"Fahrrad, Pkw",Zusammenstoß mit seitlich in gleicher Richtung fahrendem Fahrzeug
,2023,11,7,3,Unfall mit Leichtverletzten,0.0,7.0,2.0,0.0,0.0,0.0,0.0,0.0,8.47116860400007,49.47907485900004,,,sonstiger Unfall,Fahrrad,Unfall anderer Art
,2023,11,17,2,Unfall mit Leichtverletzten,0.0,1.0,2.0,0.0,0.0,0.0,0.0,0.0,8.475892843000054,49.47975417500004,,,Fahrunfall,Fahrrad,Unfall anderer Art
,2023,11,6,2,Unfall mit Leichtverletzten,0.0,1.0,2.0,0.0,0.0,0.0,0.0,0.0,8.455104456000072,49.48481497000006,,,Fahrunfall,Fahrrad,Unfall anderer Art
,2023,11,17,1,Unfall mit Leichtverletzten,5.0,2.0,2.0,1.0,0.0,0.0,0.0,0.0,8.496592257000032,49.52571102700006,,,Abbiegeunfall,"Fahrrad, Pkw",Zusammenstoß mit einbiegendem / kreuzendem Fahrzeug
,2023,10,21,7,Unfall mit Getöteten,3.0,2.0,2.0,0.0,0.0,0.0,0.0,1.0,8.485940945000038,49.46641978900004,"7.10.2023: Samstagabend, gegen 21:15 Uhr befuhr ein 39-jähriger Mann mit dem Fahrrad die Neckarauer Straße in Mannheim‑Neckarau. In Höhe der Haltestelle Lettestraße kollidierte er mit einer einfahrenden Straßenbahn der Linie 1, die in Richtung Rheinau unterwegs war. Durch den Aufprall geriet der Radfahrer zwischen Bahn und Bahnsteig und erlag noch an der Unfallstelle seinen schweren Verletzungen. Erste Ermittlungen ergaben, dass der genaue Unfallhergang noch unklar ist. Die Staatsanwaltschaft bestellte einen Sachverständigen zur Rekonstruktion des Geschehens.",Neckarau,Abbiegeunfall,"Fahrrad, Tram/Bus (bis 2017 auch LKW)",Zusammenstoß mit seitlich in gleicher Richtung fahrendem Fahrzeug
,2023,10,14,7,Unfall mit Leichtverletzten,6.0,7.0,0.0,0.0,1.0,0.0,0.0,0.0,8.472334099000022,49.48079021900002,,,sonstiger Unfall,"Fahrrad, Fußgänger",Zusammenstoß zwischen Fahrzeug und Fußgänger
,2023,10,12,7,Unfall mit Schwerverletzten,7.0,7.0,0.0,0.0,0.0,0.0,0.0,0.0,8.45981888700004,49.482474695000064,,,sonstiger Unfall,Fahrrad,Aufprall auf Fahrbahnhindernis
,2023,10,7,7,Unfall mit Leichtverletzten,5.0,3.0,0.0,1.0,0.0,0.0,0.0,0.0,8.464474260000031,49.48836785800006,,,Einbiegen / Kreuzen-Unfall,"Fahrrad, Pkw",Zusammenstoß mit einbiegendem / kreuzendem Fahrzeug
,2023,10,3,7,Unfall mit Leichtverletzten,1.0,7.0,2.0,1.0,1.0,0.0,0.0,0.0,8.462352983000073,49.50360743700002,,,sonstiger Unfall,"Fahrrad, Pkw, Fußgänger",Zusammenstoß mit anfahrendem/ anhaltendem/ ruhendem Fahrzeug
,2023,10,19,6,Unfall mit Leichtverletzten,5.0,3.0,2.0,1.0,0.0,0.0,0.0,0.0,8.476230336000071,49.496158798000074,,,Einbiegen / Kreuzen-Unfall,"Fahrrad, Pkw",Zusammenstoß mit einbiegendem / kreuzendem Fahrzeug
,2023,10,17,6,Unfall mit Leichtverletzten,5.0,3.0,0.0,1.0,0.0,0.0,0.0,0.0,8.483726629000046,49.49734283000004,,,Einbiegen / Kreuzen-Unfall,"Fahrrad, Pkw",Zusammenstoß mit einbiegendem / kreuzendem Fahrzeug
,2023,10,16,6,Unfall mit Leichtverletzten,1.0,5.0,0.0,0.0,0.0,0.0,0.0,1.0,8.468364270000052,49.49188441800004,,,Unfall durch ruhenden Verkehr,"Fahrrad, Tram/Bus (bis 2017 auch LKW)",Zusammenstoß mit anfahrendem/ anhaltendem/ ruhendem Fahrzeug
,2023,10,15,6,Unfall mit Leichtverletzten,5.0,3.0,0.0,1.0,0.0,0.0,0.0,0.0,8.457719970000028,49.49674436200007,,,Einbiegen / Kreuzen-Unfall,"Fahrrad, Pkw",Zusammenstoß mit einbiegendem / kreuzendem Fahrzeug
,2023,10,13,6,Unfall mit Leichtverletzten,5.0,3.0,0.0,1.0,0.0,0.0,0.0,0.0,8.469919236000067,49.50475796400008,,,Einbiegen / Kreuzen-Unfall,"Fahrrad, Pkw",Zusammenstoß mit einbiegendem / kreuzendem Fahrzeug
,2023,10,9,6,Unfall mit Leichtverletzten,5.0,3.0,0.0,0.0,0.0,0.0,0.0,1.0,8.523141278000026,49.471027419000045,,,Einbiegen / Kreuzen-Unfall,"Fahrrad, Tram/Bus (bis 2017 auch LKW)",Zusammenstoß mit einbiegendem / kreuzendem Fahrzeug
,2023,10,7,6,Unfall mit Leichtverletzten,5.0,3.0,1.0,1.0,0.0,0.0,0.0,0.0,8.481840075000036,49.493825539000056,,,Einbiegen / Kreuzen-Unfall,"Fahrrad, Pkw",Zusammenstoß mit einbiegendem / kreuzendem Fahrzeug
,2023,10,20,5,Unfall mit Leichtverletzten,0.0,7.0,2.0,0.0,0.0,0.0,0.0,0.0,8.493154086000061,49.566064461000046,,,sonstiger Unfall,Fahrrad,Unfall anderer Art
,2023,10,20,5,Unfall mit Leichtverletzten,5.0,3.0,1.0,1.0,0.0,0.0,0.0,1.0,8.487483016000056,49.46458771900007,,,Einbiegen / Kreuzen-Unfall,"Fahrrad, Pkw, Tram/Bus (bis 2017 auch LKW)",Zusammenstoß mit einbiegendem / kreuzendem Fahrzeug
,2023,10,19,5,Unfall mit Leichtverletzten,5.0,2.0,2.0,1.0,0.0,0.0,0.0,0.0,8.483647039000061,49.49728052700005,,,Abbiegeunfall,"Fahrrad, Pkw",Zusammenstoß mit einbiegendem / kreuzendem Fahrzeug
,2023,10,9,5,Unfall mit Leichtverletzten,0.0,7.0,0.0,0.0,0.0,0.0,0.0,0.0,8.452854495000054,49.49067773300004,,,sonstiger Unfall,Fahrrad,Unfall anderer Art
,2023,10,8,5,Unfall mit Leichtverletzten,5.0,3.0,0.0,1.0,0.0,0.0,0.0,0.0,8.538477330000035,49.45320461100005,,,Einbiegen / Kreuzen-Unfall,"Fahrrad, Pkw",Zusammenstoß mit einbiegendem / kreuzendem Fahrzeug
,2023,10,18,4,Unfall mit Leichtverletzten,5.0,2.0,2.0,1.0,0.0,0.0,0.0,0.0,8.489197537000052,49.46248195800007,,,Abbiegeunfall,"Fahrrad, Pkw",Zusammenstoß mit einbiegendem / kreuzendem Fahrzeug
,2023,10,12,4,Unfall mit Schwerverletzten,5.0,5.0,0.0,1.0,0.0,0.0,0.0,0.0,8.487955446000058,49.47577720600003,,,Unfall durch ruhenden Verkehr,"Fahrrad, Pkw",Zusammenstoß mit einbiegendem / kreuzendem Fahrzeug
,2023,10,9,4,Unfall mit Leichtverletzten,5.0,7.0,0.0,1.0,0.0,0.0,0.0,0.0,8.464714033000064,49.49344274000004,,,sonstiger Unfall,"Fahrrad, Pkw",Zusammenstoß mit einbiegendem / kreuzendem Fahrzeug
,2023,10,8,4,Unfall mit Leichtverletzten,5.0,3.0,0.0,1.0,0.0,0.0,0.0,0.0,8.470220805000054,49.49341120200006,,,Einbiegen / Kreuzen-Unfall,"Fahrrad, Pkw",Zusammenstoß mit einbiegendem / kreuzendem Fahrzeug
,2023,10,8,4,Unfall mit Leichtverletzten,3.0,2.0,0.0,1.0,0.0,0.0,0.0,0.0,8.483716711000056,49.49731749200004,,,Abbiegeunfall,"Fahrrad, Pkw",Zusammenstoß mit seitlich in gleicher Richtung fahrendem Fahrzeug
,2023,10,8,4,Unfall mit Leichtverletzten,5.0,3.0,0.0,1.0,0.0,0.0,0.0,0.0,8.46796506100003,49.48361199100003,,,Einbiegen / Kreuzen-Unfall,"Fahrrad, Pkw",Zusammenstoß mit einbiegendem / kreuzendem Fahrzeug
,2023,10,6,4,Unfall mit Leichtverletzten,5.0,3.0,2.0,1.0,0.0,0.0,0.0,0.0,8.524364246000061,49.43999991100002,,,Einbiegen / Kreuzen-Unfall,"Fahrrad, Pkw",Zusammenstoß mit einbiegendem / kreuzendem Fahrzeug
,2023,10,19,3,Unfall mit Schwerverletzten,5.0,2.0,2.0,0.0,0.0,0.0,0.0,1.0,8.473380451000025,49.45111798800008,,,Abbiegeunfall,"Fahrrad, Tram/Bus (bis 2017 auch LKW)",Zusammenstoß mit einbiegendem / kreuzendem Fahrzeug
,2023,10,18,3,Unfall mit Leichtverletzten,5.0,3.0,2.0,0.0,0.0,0.0,0.0,0.0,8.524058756000045,49.50480704000007,,,Einbiegen / Kreuzen-Unfall,Fahrrad,Zusammenstoß mit einbiegendem / kreuzendem Fahrzeug
,2023,10,17,3,Unfall mit Leichtverletzten,2.0,6.0,0.0,1.0,0.0,0.0,0.0,0.0,8.475370172000055,49.485145155000055,,,Unfall im Längsverkehr,"Fahrrad, Pkw",Zusammenstoß mit vorausfahrendem / wartendem Fahrzeug
,2023,10,15,3,Unfall mit Leichtverletzten,5.0,3.0,0.0,1.0,0.0,0.0,0.0,0.0,8.477866547000076,49.49016495200004,,,Einbiegen / Kreuzen-Unfall,"Fahrrad, Pkw",Zusammenstoß mit einbiegendem / kreuzendem Fahrzeug
,2023,10,13,3,Unfall mit Leichtverletzten,5.0,7.0,0.0,0.0,0.0,0.0,0.0,1.0,8.52340969100004,49.44990066500003,,,sonstiger Unfall,"Fahrrad, Tram/Bus (bis 2017 auch LKW)",Zusammenstoß mit einbiegendem / kreuzendem Fahrzeug
,2023,10,12,3,Unfall mit Leichtverletzten,6.0,4.0,0.0,0.0,1.0,0.0,0.0,0.0,8.468634612000074,49.48082884300004,,,Überschreiten-Unfall,"Fahrrad, Fußgänger",Zusammenstoß zwischen Fahrzeug und Fußgänger
,2023,10,4,3,Unfall mit Leichtverletzten,4.0,6.0,2.0,0.0,0.0,0.0,0.0,1.0,8.456673445000035,49.49194383300005,,,Unfall im Längsverkehr,"Fahrrad, Tram/Bus (bis 2017 auch LKW)",Zusammenstoß mit entgegenkommendem Fahrzeug
,2023,10,16,2,Unfall mit Leichtverletzten,5.0,3.0,0.0,1.0,0.0,0.0,0.0,0.0,8.493687903000023,49.50080616800005,,,Einbiegen / Kreuzen-Unfall,"Fahrrad, Pkw",Zusammenstoß mit einbiegendem / kreuzendem Fahrzeug
,2023,10,16,2,Unfall mit Leichtverletzten,5.0,3.0,0.0,1.0,0.0,0.0,0.0,0.0,8.525276088000055,49.49519179400005,,,Einbiegen / Kreuzen-Unfall,"Fahrrad, Pkw",Zusammenstoß mit einbiegendem / kreuzendem Fahrzeug
,2023,10,16,2,Unfall mit Leichtverletzten,5.0,3.0,0.0,1.0,0.0,0.0,0.0,0.0,8.469204491000028,49.488523351000026,,,Einbiegen / Kreuzen-Unfall,"Fahrrad, Pkw",Zusammenstoß mit einbiegendem / kreuzendem Fahrzeug
,2023,10,16,2,Unfall mit Leichtverletzten,5.0,3.0,0.0,1.0,1.0,0.0,0.0,0.0,8.470992030000048,49.49343518300003,,,Einbiegen / Kreuzen-Unfall,"Fahrrad, Pkw, Fußgänger",Zusammenstoß mit einbiegendem / kreuzendem Fahrzeug
,2023,10,10,2,Unfall mit Leichtverletzten,2.0,5.0,0.0,1.0,0.0,0.0,0.0,0.0,8.483002192000072,49.46809739600008,,,Unfall durch ruhenden Verkehr,"Fahrrad, Pkw",Zusammenstoß mit vorausfahrendem / wartendem Fahrzeug
,2023,10,7,2,Unfall mit Leichtverletzten,5.0,2.0,0.0,1.0,0.0,0.0,0.0,0.0,8.481858473000045,49.48901791100008,,,Abbiegeunfall,"Fahrrad, Pkw",Zusammenstoß mit einbiegendem / kreuzendem Fahrzeug
,2023,10,7,2,Unfall mit Leichtverletzten,5.0,2.0,1.0,1.0,0.0,0.0,0.0,0.0,8.468245100000047,49.48593424200004,,,Abbiegeunfall,"Fahrrad, Pkw",Zusammenstoß mit einbiegendem / kreuzendem Fahrzeug
,2023,10,16,1,Unfall mit Leichtverletzten,4.0,2.0,0.0,1.0,0.0,0.0,0.0,0.0,8.479330079000022,49.560637265000025,,,Abbiegeunfall,"Fahrrad, Pkw",Zusammenstoß mit entgegenkommendem Fahrzeug
,2023,9,21,7,Unfall mit Getöteten,,,,,,,,,8.47074,49.48381,09.12.2023: Ein 62 Jahre alter Radfahrer ist nach einem Unfall am Samstag in den Mannheimer Quadraten verstorben. Nach Angaben der Polizei stieß er am späten Samstagabend mit dem Auto eines 19-Jährigen an der Kreuzung M 6/M 7 und N 7 zusammen. Offenbar übersah der Fahrradfahrer beim Linksabbiegen den von rechts kommenden Autofahrer. Der 62-Jährige verstarb wenig später im Krankenhaus.,Innenstadt,Unbekannt,Fahrrad,Unbekannt
,2023,9,20,7,Unfall mit Leichtverletzten,3.0,7.0,2.0,1.0,0.0,0.0,0.0,0.0,8.466399937000062,49.489240106000075,,,sonstiger Unfall,"Fahrrad, Pkw",Zusammenstoß mit seitlich in gleicher Richtung fahrendem Fahrzeug
,2023,9,18,7,Unfall mit Leichtverletzten,4.0,2.0,0.0,1.0,0.0,0.0,0.0,0.0,8.482012893000046,49.49480897800004,,,Abbiegeunfall,"Fahrrad, Pkw",Zusammenstoß mit entgegenkommendem Fahrzeug
,2023,9,18,7,Unfall mit Leichtverletzten,1.0,5.0,0.0,1.0,0.0,0.0,0.0,0.0,8.464952932000074,49.50046023400006,,,Unfall durch ruhenden Verkehr,"Fahrrad, Pkw",Zusammenstoß mit anfahrendem/ anhaltendem/ ruhendem Fahrzeug
,2023,9,2,7,Unfall mit Leichtverletzten,0.0,7.0,2.0,0.0,0.0,0.0,0.0,0.0,8.448511678000045,49.49666928800008,,,sonstiger Unfall,Fahrrad,Unfall anderer Art
,2023,9,18,6,Unfall mit Leichtverletzten,6.0,7.0,1.0,0.0,1.0,0.0,0.0,0.0,8.470841105000034,49.50136084000008,,,sonstiger Unfall,"Fahrrad, Fußgänger",Zusammenstoß zwischen Fahrzeug und Fußgänger
,2023,9,17,6,Unfall mit Leichtverletzten,0.0,6.0,0.0,0.0,0.0,0.0,0.0,0.0,8.484231117000036,49.471282175000056,,,Unfall im Längsverkehr,Fahrrad,Unfall anderer Art
,2023,9,11,6,Unfall mit Leichtverletzten,5.0,2.0,0.0,0.0,0.0,0.0,1.0,0.0,8.490415177000045,49.52807005700004,,,Abbiegeunfall,"Fahrrad, LKW",Zusammenstoß mit einbiegendem / kreuzendem Fahrzeug
,2023,9,10,6,Unfall mit Leichtverletzten,5.0,3.0,0.0,1.0,0.0,0.0,0.0,0.0,8.490403859000025,49.45163468300007,,,Einbiegen / Kreuzen-Unfall,"Fahrrad, Pkw",Zusammenstoß mit einbiegendem / kreuzendem Fahrzeug
,2023,9,10,6,Unfall mit Getöteten,5.0,3.0,0.0,1.0,0.0,0.0,0.0,0.0,8.562447778000035,49.45787446500003,"29.09.2023: Um kurz nach 10:30 Uhr ereignete sich auf der Suebenheimer Allee ein schwerer Verkehrsunfall. Nach bisherigen Erkenntnissen fuhr ein 68-Jähriger mit seinem E-Bike auf dem Radweg, der rechts neben der Suebenheimer Allee entlangführt, in Richtung Suebenheim. Auf der Allee fuhr eine 18-Jährige mit ihrem Seat in die gleiche Richtung. Kurz nach der Einmündung des Inneren Heckwegs nutzte der Radfahrer die bestehende Querungsmöglichkeit über die Suebenheimer Allee. Dabei wurde er von dem vorfahrtsberechtigten Seat frontal erfasst. Der 68-Jährige verletzte sich bei dem Zusammenstoß schwer und musste notoperiert werden.",Seckenheim,Einbiegen / Kreuzen-Unfall,"Fahrrad, Pkw",Zusammenstoß mit einbiegendem / kreuzendem Fahrzeug
,2023,9,8,6,Unfall mit Leichtverletzten,5.0,3.0,0.0,1.0,0.0,0.0,0.0,0.0,8.481127165000032,49.45683294700007,,,Einbiegen / Kreuzen-Unfall,"Fahrrad, Pkw",Zusammenstoß mit einbiegendem / kreuzendem Fahrzeug
,2023,9,20,5,Unfall mit Leichtverletzten,4.0,6.0,2.0,0.0,0.0,0.0,0.0,0.0,8.465434801000072,49.53115091100005,,,Unfall im Längsverkehr,Fahrrad,Zusammenstoß mit entgegenkommendem Fahrzeug
,2023,9,10,5,Unfall mit Leichtverletzten,3.0,2.0,0.0,1.0,0.0,0.0,0.0,0.0,8.507548561000021,49.51403707300005,,,Abbiegeunfall,"Fahrrad, Pkw",Zusammenstoß mit seitlich in gleicher Richtung fahrendem Fahrzeug
,2023,9,8,5,Unfall mit Leichtverletzten,4.0,6.0,0.0,0.0,0.0,0.0,0.0,1.0,8.500149673000067,49.53433332700007,,,Unfall im Längsverkehr,"Fahrrad, Tram/Bus (bis 2017 auch LKW)",Zusammenstoß mit entgegenkommendem Fahrzeug
,2023,9,14,4,Unfall mit Leichtverletzten,1.0,5.0,0.0,1.0,0.0,0.0,0.0,0.0,8.483639339000035,49.49318207200008,,,Unfall durch ruhenden Verkehr,"Fahrrad, Pkw",Zusammenstoß mit anfahrendem/ anhaltendem/ ruhendem Fahrzeug
,2023,9,7,4,Unfall mit Leichtverletzten,5.0,2.0,0.0,0.0,0.0,1.0,0.0,0.0,8.515884408000034,49.47763132100005,,,Abbiegeunfall,"Fahrrad, Kraftrad",Zusammenstoß mit einbiegendem / kreuzendem Fahrzeug
,2023,9,7,4,Unfall mit Schwerverletzten,5.0,2.0,0.0,0.0,0.0,0.0,1.0,0.0,8.457680062000065,49.49674705800004,,,Abbiegeunfall,"Fahrrad, LKW",Zusammenstoß mit einbiegendem / kreuzendem Fahrzeug
,2023,9,7,4,Unfall mit Leichtverletzten,5.0,3.0,0.0,1.0,0.0,0.0,0.0,0.0,8.485705835000033,49.47388567000007,,,Einbiegen / Kreuzen-Unfall,"Fahrrad, Pkw",Zusammenstoß mit einbiegendem / kreuzendem Fahrzeug
,2023,9,9,3,Unfall mit Leichtverletzten,5.0,3.0,0.0,0.0,0.0,0.0,0.0,0.0,8.487852459000067,49.46414120400004,,,Einbiegen / Kreuzen-Unfall,Fahrrad,Zusammenstoß mit einbiegendem / kreuzendem Fahrzeug
,2023,9,17,2,Unfall mit Leichtverletzten,8.0,1.0,0.0,0.0,0.0,0.0,0.0,0.0,8.457767975000024,49.49170695200007,,,Fahrunfall,Fahrrad,Abkommen von Fahrbahn nach rechts
,2023,9,12,2,Unfall mit Leichtverletzten,5.0,7.0,0.0,1.0,0.0,0.0,0.0,0.0,8.54978862400003,49.51257559900006,,,sonstiger Unfall,"Fahrrad, Pkw",Zusammenstoß mit einbiegendem / kreuzendem Fahrzeug
,2023,9,11,2,Unfall mit Leichtverletzten,4.0,2.0,0.0,1.0,0.0,0.0,0.0,0.0,8.467112953000026,49.46801692600008,,,Abbiegeunfall,"Fahrrad, Pkw",Zusammenstoß mit entgegenkommendem Fahrzeug
,2023,9,9,2,Unfall mit Schwerverletzten,5.0,3.0,0.0,1.0,0.0,0.0,0.0,0.0,8.489087544000029,49.49856436400007,,,Einbiegen / Kreuzen-Unfall,"Fahrrad, Pkw",Zusammenstoß mit einbiegendem / kreuzendem Fahrzeug
,2023,9,20,1,Unfall mit Leichtverletzten,4.0,2.0,2.0,1.0,0.0,0.0,0.0,0.0,8.472347742000068,49.497366242000055,,,Abbiegeunfall,"Fahrrad, Pkw",Zusammenstoß mit entgegenkommendem Fahrzeug
,2023,9,18,1,Unfall mit Leichtverletzten,4.0,6.0,0.0,0.0,0.0,0.0,0.0,0.0,8.529093325000076,49.43116462800003,,,Unfall im Längsverkehr,Fahrrad,Zusammenstoß mit entgegenkommendem Fahrzeug
,2023,9,15,1,Unfall mit Leichtverletzten,6.0,7.0,0.0,0.0,1.0,0.0,0.0,0.0,8.48318144600006,49.49455467100007,,,sonstiger Unfall,"Fahrrad, Fußgänger",Zusammenstoß zwischen Fahrzeug und Fußgänger
,2023,8,12,6,Unfall mit Leichtverletzten,3.0,6.0,0.0,1.0,0.0,0.0,0.0,0.0,8.467523870000036,49.49045443200004,,,Unfall im Längsverkehr,"Fahrrad, Pkw",Zusammenstoß mit seitlich in gleicher Richtung fahrendem Fahrzeug
,2023,8,10,6,Unfall mit Leichtverletzten,0.0,5.0,0.0,1.0,0.0,0.0,0.0,0.0,8.467365475000065,49.49896035200004,,,Unfall durch ruhenden Verkehr,"Fahrrad, Pkw",Unfall anderer Art
,2023,8,8,6,Unfall mit Schwerverletzten,0.0,7.0,0.0,0.0,0.0,0.0,0.0,0.0,8.456130400000063,49.48378899000005,,,sonstiger Unfall,Fahrrad,Unfall anderer Art
,2023,8,18,5,Unfall mit Leichtverletzten,5.0,3.0,0.0,1.0,0.0,0.0,0.0,0.0,8.480697904000067,49.48522070100007,,,Einbiegen / Kreuzen-Unfall,"Fahrrad, Pkw",Zusammenstoß mit einbiegendem / kreuzendem Fahrzeug
,2023,8,14,5,Unfall mit Leichtverletzten,3.0,2.0,0.0,1.0,0.0,0.0,0.0,0.0,8.534521442000027,49.44864670300007,,,Abbiegeunfall,"Fahrrad, Pkw",Zusammenstoß mit seitlich in gleicher Richtung fahrendem Fahrzeug
,2023,8,6,5,Unfall mit Leichtverletzten,0.0,3.0,0.0,1.0,0.0,0.0,0.0,0.0,8.526770132000024,49.40719574500008,,,Einbiegen / Kreuzen-Unfall,"Fahrrad, Pkw",Unfall anderer Art
,2023,8,16,4,Unfall mit Schwerverletzten,3.0,2.0,0.0,0.0,0.0,0.0,1.0,0.0,8.503603972000064,49.45762449700004,,,Abbiegeunfall,"Fahrrad, LKW",Zusammenstoß mit seitlich in gleicher Richtung fahrendem Fahrzeug
,2023,8,16,4,Unfall mit Leichtverletzten,6.0,4.0,0.0,0.0,1.0,0.0,0.0,0.0,8.471107494000023,49.474273794000055,,,Überschreiten-Unfall,"Fahrrad, Fußgänger",Zusammenstoß zwischen Fahrzeug und Fußgänger
,2023,8,12,4,Unfall mit Leichtverletzten,5.0,2.0,0.0,0.0,0.0,0.0,1.0,0.0,8.474916841000038,49.46502163900004,,,Abbiegeunfall,"Fahrrad, LKW",Zusammenstoß mit einbiegendem / kreuzendem Fahrzeug
,2023,8,11,4,Unfall mit Leichtverletzten,5.0,3.0,0.0,1.0,0.0,0.0,0.0,0.0,8.481048238000028,49.53912539600003,,,Einbiegen / Kreuzen-Unfall,"Fahrrad, Pkw",Zusammenstoß mit einbiegendem / kreuzendem Fahrzeug
,2023,8,7,4,Unfall mit Leichtverletzten,3.0,2.0,0.0,0.0,0.0,0.0,1.0,0.0,8.493921188000058,49.51159950400007,,,Abbiegeunfall,"Fahrrad, LKW",Zusammenstoß mit seitlich in gleicher Richtung fahrendem Fahrzeug
,2023,8,15,3,Unfall mit Leichtverletzten,5.0,3.0,0.0,1.0,0.0,0.0,0.0,0.0,8.463665353000067,49.48872251700004,,,Einbiegen / Kreuzen-Unfall,"Fahrrad, Pkw",Zusammenstoß mit einbiegendem / kreuzendem Fahrzeug
,2023,8,11,3,Unfall mit Leichtverletzten,0.0,7.0,0.0,0.0,0.0,0.0,0.0,0.0,8.569778374000066,49.45533357500005,,,sonstiger Unfall,Fahrrad,Unfall anderer Art
,2023,8,10,3,Unfall mit Leichtverletzten,5.0,7.0,0.0,1.0,0.0,0.0,0.0,0.0,8.477687445000072,49.49751517200008,,,sonstiger Unfall,"Fahrrad, Pkw",Zusammenstoß mit einbiegendem / kreuzendem Fahrzeug
,2023,8,10,3,Unfall mit Leichtverletzten,4.0,6.0,0.0,0.0,0.0,0.0,0.0,0.0,8.50968455100002,49.45785850900006,,,Unfall im Längsverkehr,Fahrrad,Zusammenstoß mit entgegenkommendem Fahrzeug
,2023,8,17,2,Unfall mit Leichtverletzten,3.0,2.0,0.0,0.0,0.0,0.0,0.0,0.0,8.483775569000045,49.49310119700005,,,Abbiegeunfall,Fahrrad,Zusammenstoß mit seitlich in gleicher Richtung fahrendem Fahrzeug
,2023,8,16,2,Unfall mit Leichtverletzten,1.0,5.0,0.0,1.0,0.0,0.0,0.0,0.0,8.472904044000074,49.464660286000026,,,Unfall durch ruhenden Verkehr,"Fahrrad, Pkw",Zusammenstoß mit anfahrendem/ anhaltendem/ ruhendem Fahrzeug
,2023,8,11,1,Unfall mit Leichtverletzten,3.0,6.0,0.0,1.0,0.0,0.0,0.0,0.0,8.48798518700005,49.49529652200005,,,Unfall im Längsverkehr,"Fahrrad, Pkw",Zusammenstoß mit seitlich in gleicher Richtung fahrendem Fahrzeug
,2023,7,19,7,Unfall mit Leichtverletzten,5.0,2.0,0.0,1.0,0.0,0.0,0.0,0.0,8.482572104000042,49.45678867800007,,,Abbiegeunfall,"Fahrrad, Pkw",Zusammenstoß mit einbiegendem / kreuzendem Fahrzeug
,2023,7,11,7,Unfall mit Leichtverletzten,5.0,2.0,0.0,1.0,0.0,0.0,0.0,0.0,8.48427526200004,49.48082617200004,,,Abbiegeunfall,"Fahrrad, Pkw",Zusammenstoß mit einbiegendem / kreuzendem Fahrzeug