OBJECTID,UJAHR,UMONAT,USTUNDE,UWOCHENTAG,UKATEGORIE,UART,UTYP1,ULICHTVERH,IstPKW,IstFuss,IstKrad,IstGkfz,IstSonstige,Longitude,Latitude,Kommentar,Stadtteil,typ,involved,art
183782.0,2021,7,13,5,Unfall mit Leichtverletzten,1.0,5.0,0.0,0.0,0.0,1.0,0.0,0.0,8.481437232000076,49.47500154000005,,,Unfall durch ruhenden Verkehr,"Fahrrad, Kraftrad",Zusammenstoß mit anfahrendem/ anhaltendem/ ruhendem Fahrzeug
183852.0,2021,7,10,5,Unfall mit Leichtverletzten,5.0,3.0,0.0,1.0,0.0,0.0,0.0,0.0,8.52578236000005,49.42022021200006,,,Einbiegen / Kreuzen-Unfall,"Fahrrad, Pkw",Zusammenstoß mit einbiegendem / kreuzendem Fahrzeug
184582.0,2021,7,8,5,Unfall mit Leichtverletzten,4.0,2.0,0.0,0.0,1.0,0.0,0.0,0.0,8.474371912000038,49.456453387000074,,,Abbiegeunfall,"Fahrrad, Fußgänger",Zusammenstoß mit entgegenkommendem Fahrzeug
184132.0,2021,7,20,4,Unfall mit Leichtverletzten,5.0,3.0,0.0,1.0,0.0,0.0,0.0,0.0,8.480981715000041,49.54703448700008,,,Einbiegen / Kreuzen-Unfall,"Fahrrad, Pkw",Zusammenstoß mit einbiegendem / kreuzendem Fahrzeug
184604.0,2021,7,18,4,Unfall mit Leichtverletzten,3.0,2.0,0.0,1.0,0.0,0.0,0.0,0.0,8.46998353600003,49.50418297700002,,,Abbiegeunfall,"Fahrrad, Pkw",Zusammenstoß mit seitlich in gleicher Richtung fahrendem Fahrzeug
185733.0,2021,7,16,4,Unfall mit Leichtverletzten,0.0,1.0,0.0,0.0,0.0,0.0,0.0,0.0,8.476416908000033,49.48490989200008,,,Fahrunfall,Fahrrad,Unfall anderer Art
184539.0,2021,7,19,3,Unfall mit Leichtverletzten,1.0,2.0,0.0,1.0,0.0,0.0,0.0,0.0,8.47021901000005,49.49329017300005,,,Abbiegeunfall,"Fahrrad, Pkw",Zusammenstoß mit anfahrendem/ anhaltendem/ ruhendem Fahrzeug
78912.0,2021,7,17,3,Unfall mit Leichtverletzten,5.0,3.0,0.0,1.0,0.0,0.0,0.0,0.0,8.487615808000044,49.47538019900002,,,Einbiegen / Kreuzen-Unfall,"Fahrrad, Pkw",Zusammenstoß mit einbiegendem / kreuzendem Fahrzeug
184996.0,2021,7,17,3,Unfall mit Leichtverletzten,5.0,3.0,0.0,1.0,0.0,0.0,0.0,0.0,8.44815886300006,49.55003112500003,,,Einbiegen / Kreuzen-Unfall,"Fahrrad, Pkw",Zusammenstoß mit einbiegendem / kreuzendem Fahrzeug
78782.0,2021,7,16,3,Unfall mit Schwerverletzten,5.0,3.0,0.0,0.0,0.0,0.0,0.0,0.0,8.471570271000076,49.51232074800004,,,Einbiegen / Kreuzen-Unfall,Fahrrad,Zusammenstoß mit einbiegendem / kreuzendem Fahrzeug
185247.0,2021,7,9,3,Unfall mit Leichtverletzten,5.0,2.0,0.0,1.0,0.0,0.0,0.0,0.0,8.523506754000039,49.43853982500008,,,Abbiegeunfall,"Fahrrad, Pkw",Zusammenstoß mit einbiegendem / kreuzendem Fahrzeug
184385.0,2021,7,18,2,Unfall mit Leichtverletzten,6.0,4.0,0.0,0.0,1.0,0.0,0.0,0.0,8.464163082000027,49.491461620000045,,,Überschreiten-Unfall,"Fahrrad, Fußgänger",Zusammenstoß zwischen Fahrzeug und Fußgänger
184102.0,2021,7,17,2,Unfall mit Leichtverletzten,3.0,5.0,0.0,1.0,0.0,0.0,0.0,0.0,8.467732794000028,49.48613215300002,,,Unfall durch ruhenden Verkehr,"Fahrrad, Pkw",Zusammenstoß mit seitlich in gleicher Richtung fahrendem Fahrzeug
185740.0,2021,7,17,2,Unfall mit Leichtverletzten,0.0,1.0,0.0,0.0,0.0,0.0,0.0,0.0,8.504814705000058,49.48746620100008,,,Fahrunfall,Fahrrad,Unfall anderer Art
184632.0,2021,7,15,2,Unfall mit Leichtverletzten,3.0,6.0,0.0,1.0,0.0,0.0,0.0,0.0,8.474885734000054,49.48337503600004,,,Unfall im Längsverkehr,"Fahrrad, Pkw",Zusammenstoß mit seitlich in gleicher Richtung fahrendem Fahrzeug
183861.0,2021,7,14,2,Unfall mit Leichtverletzten,0.0,7.0,0.0,0.0,0.0,0.0,0.0,0.0,8.50413651200006,49.50188051000004,,,sonstiger Unfall,Fahrrad,Unfall anderer Art
183814.0,2021,7,12,2,Unfall mit Leichtverletzten,0.0,6.0,0.0,0.0,1.0,0.0,0.0,0.0,8.459792451000055,49.494856766000055,,,Unfall im Längsverkehr,"Fahrrad, Fußgänger",Unfall anderer Art
184597.0,2021,7,9,2,Unfall mit Leichtverletzten,5.0,3.0,0.0,1.0,0.0,0.0,0.0,0.0,8.486324225000033,49.47435910500008,,,Einbiegen / Kreuzen-Unfall,"Fahrrad, Pkw",Zusammenstoß mit einbiegendem / kreuzendem Fahrzeug
185702.0,2021,7,8,2,Unfall mit Leichtverletzten,1.0,5.0,0.0,1.0,0.0,0.0,0.0,0.0,8.491965605000075,49.49410267500008,,,Unfall durch ruhenden Verkehr,"Fahrrad, Pkw",Zusammenstoß mit anfahrendem/ anhaltendem/ ruhendem Fahrzeug
184190.0,2021,7,7,2,Unfall mit Leichtverletzten,9.0,1.0,0.0,0.0,0.0,0.0,0.0,0.0,8.499537502000067,49.521159444000034,,,Fahrunfall,Fahrrad,Abkommen von Fahrbahn nach links
184046.0,2021,7,2,2,Unfall mit Leichtverletzten,0.0,6.0,2.0,0.0,0.0,0.0,0.0,0.0,8.476084444000037,49.48259902700005,,,Unfall im Längsverkehr,Fahrrad,Unfall anderer Art
184177.0,2021,7,20,1,Unfall mit Leichtverletzten,0.0,5.0,0.0,1.0,0.0,0.0,0.0,0.0,8.511326595000071,49.516982143000064,,,Unfall durch ruhenden Verkehr,"Fahrrad, Pkw",Unfall anderer Art
183907.0,2021,7,16,1,Unfall mit Leichtverletzten,0.0,7.0,0.0,0.0,0.0,0.0,0.0,0.0,8.479080662000058,49.48040906600005,,,sonstiger Unfall,Fahrrad,Unfall anderer Art
183686.0,2021,6,17,7,Unfall mit Leichtverletzten,5.0,3.0,0.0,1.0,0.0,0.0,0.0,0.0,8.559865494000064,49.46876364600007,,,Einbiegen / Kreuzen-Unfall,"Fahrrad, Pkw",Zusammenstoß mit einbiegendem / kreuzendem Fahrzeug
183580.0,2021,6,11,7,Unfall mit Leichtverletzten,0.0,4.0,0.0,0.0,1.0,0.0,0.0,0.0,8.489000880000049,49.49819639400005,,,Überschreiten-Unfall,"Fahrrad, Fußgänger",Unfall anderer Art
182185.0,2021,6,9,7,Unfall mit Schwerverletzten,4.0,2.0,0.0,1.0,0.0,0.0,0.0,0.0,8.475065051000058,49.49090193700005,,,Abbiegeunfall,"Fahrrad, Pkw",Zusammenstoß mit entgegenkommendem Fahrzeug
183475.0,2021,6,9,7,Unfall mit Leichtverletzten,0.0,7.0,0.0,1.0,0.0,0.0,0.0,0.0,8.484601608000048,49.52331496200002,,,sonstiger Unfall,"Fahrrad, Pkw",Unfall anderer Art
182697.0,2021,6,10,6,Unfall mit Leichtverletzten,0.0,7.0,0.0,0.0,0.0,0.0,0.0,0.0,8.48492419300004,49.46143936500005,,,sonstiger Unfall,Fahrrad,Unfall anderer Art
182144.0,2021,6,17,5,Unfall mit Leichtverletzten,5.0,3.0,0.0,1.0,0.0,0.0,0.0,0.0,8.451887406000026,49.54356142000007,,,Einbiegen / Kreuzen-Unfall,"Fahrrad, Pkw",Zusammenstoß mit einbiegendem / kreuzendem Fahrzeug
183127.0,2021,6,13,5,Unfall mit Leichtverletzten,0.0,7.0,0.0,0.0,0.0,0.0,0.0,0.0,8.53221809300004,49.48447033600007,,,sonstiger Unfall,Fahrrad,Unfall anderer Art
182710.0,2021,6,12,5,Unfall mit Schwerverletzten,0.0,1.0,0.0,0.0,0.0,0.0,0.0,0.0,8.471560597000064,49.49323743200006,,,Fahrunfall,Fahrrad,Unfall anderer Art
183545.0,2021,6,7,5,Unfall mit Leichtverletzten,0.0,7.0,0.0,0.0,0.0,0.0,0.0,0.0,8.48403822900002,49.47764049800002,,,sonstiger Unfall,Fahrrad,Unfall anderer Art
183505.0,2021,6,20,4,Unfall mit Leichtverletzten,5.0,2.0,0.0,1.0,0.0,0.0,0.0,0.0,8.469316909000042,49.48743496100008,,,Abbiegeunfall,"Fahrrad, Pkw",Zusammenstoß mit einbiegendem / kreuzendem Fahrzeug
182863.0,2021,6,19,4,Unfall mit Leichtverletzten,5.0,3.0,0.0,0.0,0.0,0.0,0.0,0.0,8.463222945000041,49.49872188400008,,,Einbiegen / Kreuzen-Unfall,Fahrrad,Zusammenstoß mit einbiegendem / kreuzendem Fahrzeug
79231.0,2021,6,18,4,Unfall mit Schwerverletzten,5.0,5.0,0.0,1.0,0.0,0.0,0.0,0.0,8.462732651000067,49.50525026700007,,,Unfall durch ruhenden Verkehr,"Fahrrad, Pkw",Zusammenstoß mit einbiegendem / kreuzendem Fahrzeug
183111.0,2021,6,18,4,Unfall mit Leichtverletzten,5.0,3.0,0.0,1.0,0.0,0.0,0.0,0.0,8.483743290000064,49.46982886700005,,,Einbiegen / Kreuzen-Unfall,"Fahrrad, Pkw",Zusammenstoß mit einbiegendem / kreuzendem Fahrzeug
183080.0,2021,6,17,4,Unfall mit Leichtverletzten,5.0,2.0,0.0,1.0,0.0,0.0,0.0,0.0,8.48381945500006,49.49724016700002,,,Abbiegeunfall,"Fahrrad, Pkw",Zusammenstoß mit einbiegendem / kreuzendem Fahrzeug
182769.0,2021,6,11,4,Unfall mit Leichtverletzten,0.0,3.0,0.0,1.0,0.0,0.0,0.0,0.0,8.503346086000022,49.45100672300004,,,Einbiegen / Kreuzen-Unfall,"Fahrrad, Pkw",Unfall anderer Art
77094.0,2021,6,10,4,Unfall mit Leichtverletzten,3.0,2.0,0.0,0.0,0.0,0.0,0.0,0.0,8.482062480000025,49.52558044800002,,,Abbiegeunfall,Fahrrad,Zusammenstoß mit seitlich in gleicher Richtung fahrendem Fahrzeug
183360.0,2021,6,9,4,Unfall mit Leichtverletzten,3.0,6.0,0.0,0.0,0.0,0.0,0.0,1.0,8.44933016300007,49.542295212000056,,,Unfall im Längsverkehr,"Fahrrad, Tram/Bus (bis 2017 auch LKW)",Zusammenstoß mit seitlich in gleicher Richtung fahrendem Fahrzeug
182746.0,2021,6,15,3,Unfall mit Leichtverletzten,5.0,3.0,0.0,1.0,0.0,0.0,0.0,0.0,8.507932044000029,49.51228666800006,,,Einbiegen / Kreuzen-Unfall,"Fahrrad, Pkw",Zusammenstoß mit einbiegendem / kreuzendem Fahrzeug
183430.0,2021,6,15,3,Unfall mit Leichtverletzten,5.0,3.0,0.0,1.0,0.0,0.0,0.0,0.0,8.487439607000056,49.464640546000055,,,Einbiegen / Kreuzen-Unfall,"Fahrrad, Pkw",Zusammenstoß mit einbiegendem / kreuzendem Fahrzeug
183348.0,2021,6,12,3,Unfall mit Schwerverletzten,8.0,7.0,0.0,0.0,0.0,0.0,0.0,0.0,8.534498753000037,49.47494732300004,,,sonstiger Unfall,Fahrrad,Abkommen von Fahrbahn nach rechts
184332.0,2021,6,7,3,Unfall mit Leichtverletzten,5.0,3.0,0.0,1.0,0.0,0.0,0.0,0.0,8.521835508000038,49.488621290000026,,,Einbiegen / Kreuzen-Unfall,"Fahrrad, Pkw",Zusammenstoß mit einbiegendem / kreuzendem Fahrzeug
183179.0,2021,6,0,3,Unfall mit Leichtverletzten,0.0,1.0,2.0,0.0,0.0,0.0,0.0,0.0,8.52189794700007,49.46712447700003,,,Fahrunfall,Fahrrad,Unfall anderer Art
183443.0,2021,6,7,2,Unfall mit Getöteten,5.0,3.0,0.0,0.0,0.0,0.0,0.0,1.0,8.539226557000063,49.51094915900006,28.06.2021: Am Montagmorgen wurde ein Fahrradfahrer bei einem Zusammenstoß mit einem Linienbus schwer verletzt. Der 56-jährige Radfahrer überquerte gegen 7.15 Uhr an der Straßenbahnhaltestelle 'Vogelstang-Center' an der Fußgängerquerung die Gleise der Straßenbahn. Dabei wurde er von einem ebenfalls dort verkehrenden Linienbus erfasst und stürzte zu Boden. Er zog sich hierbei schwere Verletzungen an Kopf und Oberkörper zu. Er wurde zur Behandlung in ein Krankenhaus eingeliefert. Nach Auskunft der Ärzte ist sein Zustand ernst. Nach ersten Erkenntnissen hatte der Mann keinen Fahrradhelm getragen. Die Fahrerin des Busses kam mit dem Schrecken davon und blieb unverletzt. Fahrgäste des Busses kamen ebenfalls nicht zu Schaden. Anmerkung: Später im Krankenhaus verstorben.,Vogelstang,Einbiegen / Kreuzen-Unfall,"Fahrrad, Tram/Bus (bis 2017 auch LKW)",Zusammenstoß mit einbiegendem / kreuzendem Fahrzeug
183629.0,2021,6,4,2,Unfall mit Leichtverletzten,5.0,3.0,2.0,1.0,0.0,0.0,0.0,0.0,8.48551198000007,49.52638961300005,,,Einbiegen / Kreuzen-Unfall,"Fahrrad, Pkw",Zusammenstoß mit einbiegendem / kreuzendem Fahrzeug
182007.0,2021,6,14,1,Unfall mit Schwerverletzten,0.0,2.0,0.0,1.0,0.0,0.0,0.0,0.0,8.468651542000032,49.491771492000055,,,Abbiegeunfall,"Fahrrad, Pkw",Unfall anderer Art
181702.0,2021,5,13,7,Unfall mit Leichtverletzten,0.0,7.0,0.0,0.0,0.0,0.0,0.0,0.0,8.506984551000073,49.49920472900004,,,sonstiger Unfall,Fahrrad,Unfall anderer Art
182545.0,2021,5,13,7,Unfall mit Leichtverletzten,3.0,2.0,0.0,1.0,0.0,0.0,0.0,0.0,8.467120126000054,49.48636796300008,,,Abbiegeunfall,"Fahrrad, Pkw",Zusammenstoß mit seitlich in gleicher Richtung fahrendem Fahrzeug
181375.0,2021,5,10,7,Unfall mit Leichtverletzten,2.0,6.0,0.0,0.0,0.0,0.0,0.0,0.0,8.478778292000072,49.46050002000004,,,Unfall im Längsverkehr,Fahrrad,Zusammenstoß mit vorausfahrendem / wartendem Fahrzeug
182299.0,2021,5,19,6,Unfall mit Leichtverletzten,5.0,3.0,0.0,1.0,0.0,0.0,0.0,0.0,8.475053267000021,49.51636874000008,,,Einbiegen / Kreuzen-Unfall,"Fahrrad, Pkw",Zusammenstoß mit einbiegendem / kreuzendem Fahrzeug
182540.0,2021,5,16,6,Unfall mit Schwerverletzten,5.0,3.0,0.0,1.0,0.0,0.0,0.0,0.0,8.45832869000003,49.54579743600004,,,Einbiegen / Kreuzen-Unfall,"Fahrrad, Pkw",Zusammenstoß mit einbiegendem / kreuzendem Fahrzeug
182671.0,2021,5,10,6,Unfall mit Schwerverletzten,5.0,3.0,0.0,1.0,0.0,0.0,0.0,0.0,8.480272806000073,49.46005052000004,,,Einbiegen / Kreuzen-Unfall,"Fahrrad, Pkw",Zusammenstoß mit einbiegendem / kreuzendem Fahrzeug
182471.0,2021,5,16,5,Unfall mit Leichtverletzten,0.0,7.0,0.0,0.0,0.0,0.0,0.0,0.0,8.448196536000069,49.50808013100004,,,sonstiger Unfall,Fahrrad,Unfall anderer Art
181748.0,2021,5,14,5,Unfall mit Leichtverletzten,0.0,1.0,0.0,0.0,0.0,0.0,0.0,0.0,8.468906627000024,49.473830330000055,,,Fahrunfall,Fahrrad,Unfall anderer Art
181261.0,2021,5,8,3,Unfall mit Leichtverletzten,5.0,3.0,0.0,1.0,0.0,0.0,0.0,0.0,8.48096162500002,49.53912520200004,,,Einbiegen / Kreuzen-Unfall,"Fahrrad, Pkw",Zusammenstoß mit einbiegendem / kreuzendem Fahrzeug
181651.0,2021,5,8,3,Unfall mit Leichtverletzten,5.0,2.0,0.0,1.0,0.0,0.0,0.0,0.0,8.475089237000077,49.49799935500005,,,Abbiegeunfall,"Fahrrad, Pkw",Zusammenstoß mit einbiegendem / kreuzendem Fahrzeug
181795.0,2021,5,13,2,Unfall mit Leichtverletzten,5.0,3.0,0.0,1.0,0.0,0.0,0.0,0.0,8.484681047000038,49.46799047300004,,,Einbiegen / Kreuzen-Unfall,"Fahrrad, Pkw",Zusammenstoß mit einbiegendem / kreuzendem Fahrzeug
182645.0,2021,5,12,1,Unfall mit Leichtverletzten,0.0,3.0,0.0,1.0,0.0,0.0,0.0,0.0,8.469128297000054,49.49839397700004,,,Einbiegen / Kreuzen-Unfall,"Fahrrad, Pkw",Unfall anderer Art
180886.0,2021,5,11,1,Unfall mit Leichtverletzten,0.0,7.0,0.0,0.0,0.0,0.0,0.0,0.0,8.471184794000067,49.47926264700004,,,sonstiger Unfall,Fahrrad,Unfall anderer Art
181493.0,2021,4,23,7,Unfall mit Leichtverletzten,0.0,7.0,2.0,0.0,1.0,0.0,0.0,0.0,8.468825049000031,49.49767836500007,,,sonstiger Unfall,"Fahrrad, Fußgänger",Unfall anderer Art
180887.0,2021,4,12,7,Unfall mit Leichtverletzten,5.0,3.0,0.0,0.0,0.0,0.0,0.0,1.0,8.508941038000046,49.519279847000064,,,Einbiegen / Kreuzen-Unfall,"Fahrrad, Tram/Bus (bis 2017 auch LKW)",Zusammenstoß mit einbiegendem / kreuzendem Fahrzeug
180986.0,2021,4,10,7,Unfall mit Schwerverletzten,5.0,3.0,0.0,0.0,0.0,0.0,0.0,1.0,8.472980937000045,49.45098436200004,,,Einbiegen / Kreuzen-Unfall,"Fahrrad, Tram/Bus (bis 2017 auch LKW)",Zusammenstoß mit einbiegendem / kreuzendem Fahrzeug
180900.0,2021,4,17,6,Unfall mit Leichtverletzten,1.0,5.0,0.0,1.0,0.0,0.0,0.0,0.0,8.474658884000064,49.49114605100005,,,Unfall durch ruhenden Verkehr,"Fahrrad, Pkw",Zusammenstoß mit anfahrendem/ anhaltendem/ ruhendem Fahrzeug
181590.0,2021,4,19,5,Unfall mit Leichtverletzten,0.0,1.0,0.0,0.0,0.0,0.0,0.0,0.0,8.468459117000066,49.48528263700007,,,Fahrunfall,Fahrrad,Unfall anderer Art
181358.0,2021,4,16,5,Unfall mit Leichtverletzten,5.0,3.0,0.0,1.0,0.0,0.0,0.0,0.0,8.470214014000021,49.49341502200008,,,Einbiegen / Kreuzen-Unfall,"Fahrrad, Pkw",Zusammenstoß mit einbiegendem / kreuzendem Fahrzeug
180736.0,2021,4,12,5,Unfall mit Leichtverletzten,5.0,2.0,0.0,1.0,0.0,0.0,0.0,0.0,8.478345760000025,49.46063619300002,,,Abbiegeunfall,"Fahrrad, Pkw",Zusammenstoß mit einbiegendem / kreuzendem Fahrzeug
181433.0,2021,4,12,5,Unfall mit Leichtverletzten,1.0,5.0,0.0,1.0,0.0,0.0,0.0,0.0,8.508242437000035,49.51284478700006,,,Unfall durch ruhenden Verkehr,"Fahrrad, Pkw",Zusammenstoß mit anfahrendem/ anhaltendem/ ruhendem Fahrzeug
74465.0,2021,4,11,5,Unfall mit Leichtverletzten,5.0,2.0,0.0,1.0,0.0,0.0,0.0,0.0,8.492604529000062,49.490083148000046,,,Abbiegeunfall,"Fahrrad, Pkw",Zusammenstoß mit einbiegendem / kreuzendem Fahrzeug
181550.0,2021,4,14,4,Unfall mit Leichtverletzten,1.0,5.0,0.0,0.0,0.0,0.0,0.0,1.0,8.540773697000077,49.48575259300002,,,Unfall durch ruhenden Verkehr,"Fahrrad, Tram/Bus (bis 2017 auch LKW)",Zusammenstoß mit anfahrendem/ anhaltendem/ ruhendem Fahrzeug
75322.0,2021,4,12,4,Unfall mit Getöteten,0.0,2.0,0.0,1.0,0.0,0.0,0.0,0.0,8.444633400000043,49.559887211000046,"28.04.2021: Am frühen Mittwochnachmittag ereignete sich an der Kreuzung B 44/ Karl-Imhof-Straße/Großgehrenstraße ein Verkehrsunfall, bei dem ein Fahrradfahrer schwer verletzt wurde. Wie die bisherigen Ermittlungen ergaben, wollte ein Autofahrer gegen 12.50 Uhr, von der Karl-Imhof-Straße nach rechts auf die B 44 in Richtung Innenstadt abbiegen und kollidierte dabei mit einem Radfahrer, der dort auf dem Radweg unterwegs war. Durch die Kollision erlitt der Zweiradfahrer schwere Kopfverletzungen und wurde nach seiner notärztlichen Versorgung mit einem Rettungshubschrauber in eine Klinik geflogen. Über dessen Gesundheitszustand liegen derzeit keine Informationen vor. Anmerkung: Im Krankenhaus verstorben.",Sandhofen,Abbiegeunfall,"Fahrrad, Pkw",Unfall anderer Art
180662.0,2021,4,18,3,Unfall mit Schwerverletzten,1.0,5.0,1.0,1.0,0.0,0.0,0.0,0.0,8.466107308000062,49.49013576400006,,,Unfall durch ruhenden Verkehr,"Fahrrad, Pkw",Zusammenstoß mit anfahrendem/ anhaltendem/ ruhendem Fahrzeug
181598.0,2021,4,18,3,Unfall mit Leichtverletzten,1.0,6.0,1.0,1.0,0.0,0.0,0.0,0.0,8.457617191000054,49.49612870200008,,,Unfall im Längsverkehr,"Fahrrad, Pkw",Zusammenstoß mit anfahrendem/ anhaltendem/ ruhendem Fahrzeug
180926.0,2021,4,17,3,Unfall mit Leichtverletzten,1.0,7.0,0.0,1.0,0.0,0.0,0.0,0.0,8.474401945000068,49.49671698700007,,,sonstiger Unfall,"Fahrrad, Pkw",Zusammenstoß mit anfahrendem/ anhaltendem/ ruhendem Fahrzeug
181631.0,2021,4,12,3,Unfall mit Leichtverletzten,1.0,7.0,0.0,1.0,0.0,0.0,0.0,0.0,8.46514369700003,49.492758438000074,,,sonstiger Unfall,"Fahrrad, Pkw",Zusammenstoß mit anfahrendem/ anhaltendem/ ruhendem Fahrzeug
181070.0,2021,4,5,3,Unfall mit Leichtverletzten,5.0,3.0,1.0,1.0,0.0,0.0,0.0,0.0,8.500751622000053,49.50505094400006,,,Einbiegen / Kreuzen-Unfall,"Fahrrad, Pkw",Zusammenstoß mit einbiegendem / kreuzendem Fahrzeug
181008.0,2021,4,20,2,Unfall mit Leichtverletzten,0.0,5.0,0.0,0.0,0.0,0.0,0.0,0.0,8.475137614000062,49.48136216700004,,,Unfall durch ruhenden Verkehr,Fahrrad,Unfall anderer Art
181422.0,2021,4,16,2,Unfall mit Leichtverletzten,4.0,2.0,0.0,1.0,0.0,0.0,0.0,0.0,8.493070411000076,49.52181090200003,,,Abbiegeunfall,"Fahrrad, Pkw",Zusammenstoß mit entgegenkommendem Fahrzeug
74327.0,2021,4,5,2,Unfall mit Leichtverletzten,4.0,6.0,2.0,0.0,0.0,0.0,0.0,0.0,8.474939306000067,49.51560628000004,,,Unfall im Längsverkehr,Fahrrad,Zusammenstoß mit entgegenkommendem Fahrzeug
180252.0,2021,3,10,6,Unfall mit Leichtverletzten,2.0,6.0,0.0,1.0,0.0,0.0,0.0,0.0,8.528642041000069,49.491116439000045,,,Unfall im Längsverkehr,"Fahrrad, Pkw",Zusammenstoß mit vorausfahrendem / wartendem Fahrzeug
179855.0,2021,3,7,6,Unfall mit Leichtverletzten,0.0,7.0,0.0,0.0,0.0,0.0,0.0,0.0,8.471813574000066,49.49373646000004,,,sonstiger Unfall,Fahrrad,Unfall anderer Art
179619.0,2021,3,1,6,Unfall mit Leichtverletzten,5.0,3.0,2.0,0.0,0.0,0.0,0.0,1.0,8.51521512200003,49.50740696900005,,,Einbiegen / Kreuzen-Unfall,"Fahrrad, Tram/Bus (bis 2017 auch LKW)",Zusammenstoß mit einbiegendem / kreuzendem Fahrzeug
74945.0,2021,3,17,5,Unfall mit Leichtverletzten,3.0,2.0,0.0,1.0,0.0,0.0,0.0,0.0,8.449609219000024,49.54988090400008,,,Abbiegeunfall,"Fahrrad, Pkw",Zusammenstoß mit seitlich in gleicher Richtung fahrendem Fahrzeug
180601.0,2021,3,16,5,Unfall mit Leichtverletzten,5.0,3.0,0.0,0.0,0.0,0.0,0.0,1.0,8.515678319000074,49.50988315700005,,,Einbiegen / Kreuzen-Unfall,"Fahrrad, Tram/Bus (bis 2017 auch LKW)",Zusammenstoß mit einbiegendem / kreuzendem Fahrzeug
181083.0,2021,3,16,4,Unfall mit Leichtverletzten,3.0,2.0,0.0,1.0,0.0,0.0,0.0,0.0,8.456737850000025,49.49225346000002,,,Abbiegeunfall,"Fahrrad, Pkw",Zusammenstoß mit seitlich in gleicher Richtung fahrendem Fahrzeug
179607.0,2021,3,7,4,Unfall mit Schwerverletzten,4.0,2.0,0.0,1.0,0.0,0.0,0.0,0.0,8.48430237100007,49.49872093300007,,,Abbiegeunfall,"Fahrrad, Pkw",Zusammenstoß mit entgegenkommendem Fahrzeug
179789.0,2021,3,17,3,Unfall mit Leichtverletzten,5.0,3.0,0.0,1.0,0.0,0.0,0.0,0.0,8.478983467000035,49.46042519700006,,,Einbiegen / Kreuzen-Unfall,"Fahrrad, Pkw",Zusammenstoß mit einbiegendem / kreuzendem Fahrzeug
180160.0,2021,3,13,3,Unfall mit Leichtverletzten,5.0,3.0,0.0,1.0,0.0,0.0,0.0,0.0,8.529433260000076,49.53099329100007,,,Einbiegen / Kreuzen-Unfall,"Fahrrad, Pkw",Zusammenstoß mit einbiegendem / kreuzendem Fahrzeug
180527.0,2021,3,13,3,Unfall mit Leichtverletzten,5.0,3.0,0.0,1.0,0.0,0.0,0.0,0.0,8.441816241000026,49.54869498600005,,,Einbiegen / Kreuzen-Unfall,"Fahrrad, Pkw",Zusammenstoß mit einbiegendem / kreuzendem Fahrzeug
180122.0,2021,3,12,3,Unfall mit Leichtverletzten,0.0,7.0,0.0,0.0,0.0,0.0,0.0,0.0,8.465881533000072,49.49988263000006,,,sonstiger Unfall,Fahrrad,Unfall anderer Art
75121.0,2021,3,9,3,Unfall mit Leichtverletzten,3.0,2.0,0.0,0.0,0.0,0.0,0.0,1.0,8.486325282000053,49.49588007600005,,,Abbiegeunfall,"Fahrrad, Tram/Bus (bis 2017 auch LKW)",Zusammenstoß mit seitlich in gleicher Richtung fahrendem Fahrzeug
179771.0,2021,2,15,7,Unfall mit Leichtverletzten,3.0,6.0,0.0,0.0,0.0,0.0,0.0,1.0,8.484309671000062,49.47211567900007,,,Unfall im Längsverkehr,"Fahrrad, Tram/Bus (bis 2017 auch LKW)",Zusammenstoß mit seitlich in gleicher Richtung fahrendem Fahrzeug
180152.0,2021,2,14,7,Unfall mit Leichtverletzten,5.0,5.0,0.0,0.0,0.0,0.0,0.0,1.0,8.493802778000031,49.45630420700007,,,Unfall durch ruhenden Verkehr,"Fahrrad, Tram/Bus (bis 2017 auch LKW)",Zusammenstoß mit einbiegendem / kreuzendem Fahrzeug
180224.0,2021,2,15,6,Unfall mit Leichtverletzten,5.0,3.0,0.0,1.0,0.0,0.0,0.0,0.0,8.53891995400005,49.41887119700005,,,Einbiegen / Kreuzen-Unfall,"Fahrrad, Pkw",Zusammenstoß mit einbiegendem / kreuzendem Fahrzeug
179764.0,2021,2,12,6,Unfall mit Leichtverletzten,1.0,5.0,0.0,0.0,0.0,0.0,0.0,1.0,8.471693539000057,49.500253417000074,,,Unfall durch ruhenden Verkehr,"Fahrrad, Tram/Bus (bis 2017 auch LKW)",Zusammenstoß mit anfahrendem/ anhaltendem/ ruhendem Fahrzeug