OBJECTID,UJAHR,UMONAT,USTUNDE,UWOCHENTAG,UKATEGORIE,UART,UTYP1,ULICHTVERH,IstPKW,IstFuss,IstKrad,IstGkfz,IstSonstige,Longitude,Latitude,Kommentar,Stadtteil,typ,involved,art
154648.0,2020,9,5,2,Unfall mit Leichtverletzten,5.0,3.0,1.0,1.0,0.0,0.0,0.0,0.0,8.536285192000037,49.42163086400007,,,Einbiegen / Kreuzen-Unfall,"Fahrrad, Pkw",Zusammenstoß mit einbiegendem / kreuzendem Fahrzeug
154001.0,2020,8,19,7,Unfall mit Leichtverletzten,5.0,3.0,0.0,1.0,0.0,0.0,0.0,0.0,8.473886955000069,49.518087112000046,,,Einbiegen / Kreuzen-Unfall,"Fahrrad, Pkw",Zusammenstoß mit einbiegendem / kreuzendem Fahrzeug
153402.0,2020,8,13,7,Unfall mit Leichtverletzten,1.0,5.0,0.0,1.0,0.0,0.0,0.0,0.0,8.477474991000065,49.48588241300007,,,Unfall durch ruhenden Verkehr,"Fahrrad, Pkw",Zusammenstoß mit anfahrendem/ anhaltendem/ ruhendem Fahrzeug
153970.0,2020,8,23,6,Unfall mit Leichtverletzten,3.0,7.0,2.0,1.0,0.0,0.0,0.0,0.0,8.46616771500004,49.49968936900007,,,sonstiger Unfall,"Fahrrad, Pkw",Zusammenstoß mit seitlich in gleicher Richtung fahrendem Fahrzeug
153766.0,2020,8,17,6,Unfall mit Leichtverletzten,0.0,4.0,0.0,1.0,1.0,0.0,0.0,0.0,8.469376498000031,49.48736678000006,,,Überschreiten-Unfall,"Fahrrad, Pkw, Fußgänger",Unfall anderer Art
153879.0,2020,8,16,6,Unfall mit Schwerverletzten,3.0,2.0,0.0,1.0,0.0,0.0,0.0,0.0,8.486362813000028,49.52642398600005,,,Abbiegeunfall,"Fahrrad, Pkw",Zusammenstoß mit seitlich in gleicher Richtung fahrendem Fahrzeug
16909.0,2020,8,10,6,Unfall mit Schwerverletzten,5.0,3.0,0.0,1.0,0.0,0.0,0.0,0.0,8.473055441000042,49.48032208500007,,,Einbiegen / Kreuzen-Unfall,"Fahrrad, Pkw",Zusammenstoß mit einbiegendem / kreuzendem Fahrzeug
153569.0,2020,8,9,6,Unfall mit Leichtverletzten,3.0,2.0,0.0,1.0,0.0,0.0,0.0,0.0,8.506449068000052,49.47462078900002,,,Abbiegeunfall,"Fahrrad, Pkw",Zusammenstoß mit seitlich in gleicher Richtung fahrendem Fahrzeug
153774.0,2020,8,5,6,Unfall mit Schwerverletzten,5.0,3.0,1.0,1.0,0.0,0.0,0.0,0.0,8.493966183000055,49.51166546400003,,,Einbiegen / Kreuzen-Unfall,"Fahrrad, Pkw",Zusammenstoß mit einbiegendem / kreuzendem Fahrzeug
153632.0,2020,8,21,5,Unfall mit Leichtverletzten,5.0,2.0,2.0,1.0,0.0,0.0,0.0,0.0,8.488040727000055,49.46361035400008,,,Abbiegeunfall,"Fahrrad, Pkw",Zusammenstoß mit einbiegendem / kreuzendem Fahrzeug
153871.0,2020,8,18,5,Unfall mit Schwerverletzten,5.0,2.0,0.0,1.0,0.0,0.0,0.0,0.0,8.495424834000062,49.45162044600005,,,Abbiegeunfall,"Fahrrad, Pkw",Zusammenstoß mit einbiegendem / kreuzendem Fahrzeug
153368.0,2020,8,10,5,Unfall mit Schwerverletzten,5.0,3.0,0.0,1.0,0.0,0.0,0.0,0.0,8.498912026000028,49.477898528000026,,,Einbiegen / Kreuzen-Unfall,"Fahrrad, Pkw",Zusammenstoß mit einbiegendem / kreuzendem Fahrzeug
153573.0,2020,8,9,5,Unfall mit Leichtverletzten,5.0,3.0,0.0,0.0,0.0,0.0,0.0,0.0,8.476327440000034,49.48480964600003,,,Einbiegen / Kreuzen-Unfall,Fahrrad,Zusammenstoß mit einbiegendem / kreuzendem Fahrzeug
153471.0,2020,8,6,5,Unfall mit Leichtverletzten,5.0,5.0,0.0,1.0,0.0,0.0,0.0,0.0,8.47791343700004,49.49759316100005,,,Unfall durch ruhenden Verkehr,"Fahrrad, Pkw",Zusammenstoß mit einbiegendem / kreuzendem Fahrzeug
153382.0,2020,8,15,4,Unfall mit Leichtverletzten,1.0,5.0,0.0,1.0,0.0,0.0,0.0,0.0,8.468807193000032,49.487584809000055,,,Unfall durch ruhenden Verkehr,"Fahrrad, Pkw",Zusammenstoß mit anfahrendem/ anhaltendem/ ruhendem Fahrzeug
153381.0,2020,8,13,4,Unfall mit Leichtverletzten,0.0,7.0,0.0,0.0,0.0,0.0,0.0,0.0,8.554256175000035,49.49703652800008,,,sonstiger Unfall,Fahrrad,Unfall anderer Art
153383.0,2020,8,13,4,Unfall mit Leichtverletzten,4.0,2.0,0.0,1.0,0.0,0.0,0.0,0.0,8.476937015000033,49.50394512600008,,,Abbiegeunfall,"Fahrrad, Pkw",Zusammenstoß mit entgegenkommendem Fahrzeug
16839.0,2020,8,19,3,Unfall mit Leichtverletzten,5.0,3.0,0.0,1.0,0.0,0.0,0.0,0.0,8.488190152000072,49.49759471800007,,,Einbiegen / Kreuzen-Unfall,"Fahrrad, Pkw",Zusammenstoß mit einbiegendem / kreuzendem Fahrzeug
153105.0,2020,8,17,3,Unfall mit Leichtverletzten,0.0,7.0,0.0,0.0,0.0,0.0,0.0,0.0,8.471336528000052,49.47942085700004,,,sonstiger Unfall,Fahrrad,Unfall anderer Art
153623.0,2020,8,15,3,Unfall mit Schwerverletzten,1.0,5.0,0.0,1.0,0.0,0.0,0.0,0.0,8.507465206000063,49.444611904000055,,,Unfall durch ruhenden Verkehr,"Fahrrad, Pkw",Zusammenstoß mit anfahrendem/ anhaltendem/ ruhendem Fahrzeug
154021.0,2020,8,12,3,Unfall mit Leichtverletzten,0.0,7.0,0.0,0.0,0.0,0.0,0.0,1.0,8.470058433000077,49.504580642000064,,,sonstiger Unfall,"Fahrrad, Tram/Bus (bis 2017 auch LKW)",Unfall anderer Art
154214.0,2020,8,21,2,Unfall mit Leichtverletzten,5.0,5.0,2.0,1.0,0.0,0.0,0.0,0.0,8.467851249000034,49.481137629000045,,,Unfall durch ruhenden Verkehr,"Fahrrad, Pkw",Zusammenstoß mit einbiegendem / kreuzendem Fahrzeug
154069.0,2020,8,13,2,Unfall mit Leichtverletzten,5.0,3.0,0.0,0.0,0.0,1.0,0.0,0.0,8.483968753000056,49.51020451600005,,,Einbiegen / Kreuzen-Unfall,"Fahrrad, Kraftrad",Zusammenstoß mit einbiegendem / kreuzendem Fahrzeug
154067.0,2020,8,12,2,Unfall mit Leichtverletzten,5.0,3.0,0.0,1.0,0.0,0.0,0.0,0.0,8.482114970000055,49.478783650000025,,,Einbiegen / Kreuzen-Unfall,"Fahrrad, Pkw",Zusammenstoß mit einbiegendem / kreuzendem Fahrzeug
154071.0,2020,8,12,2,Unfall mit Leichtverletzten,3.0,5.0,0.0,1.0,0.0,0.0,0.0,0.0,8.465457121000043,49.48821667100003,,,Unfall durch ruhenden Verkehr,"Fahrrad, Pkw",Zusammenstoß mit seitlich in gleicher Richtung fahrendem Fahrzeug
154075.0,2020,8,7,2,Unfall mit Schwerverletzten,5.0,3.0,0.0,1.0,0.0,0.0,0.0,0.0,8.481113382000046,49.45682891900003,,,Einbiegen / Kreuzen-Unfall,"Fahrrad, Pkw",Zusammenstoß mit einbiegendem / kreuzendem Fahrzeug
153181.0,2020,8,19,1,Unfall mit Leichtverletzten,3.0,5.0,0.0,1.0,0.0,0.0,0.0,0.0,8.527703081000027,49.443826909000045,,,Unfall durch ruhenden Verkehr,"Fahrrad, Pkw",Zusammenstoß mit seitlich in gleicher Richtung fahrendem Fahrzeug
154297.0,2020,8,19,1,Unfall mit Leichtverletzten,5.0,3.0,0.0,1.0,0.0,0.0,0.0,0.0,8.472530997000035,49.48072592300008,,,Einbiegen / Kreuzen-Unfall,"Fahrrad, Pkw",Zusammenstoß mit einbiegendem / kreuzendem Fahrzeug
153683.0,2020,8,18,1,Unfall mit Leichtverletzten,1.0,7.0,0.0,0.0,0.0,0.0,1.0,0.0,8.46276959100004,49.52110241200006,,,sonstiger Unfall,"Fahrrad, LKW",Zusammenstoß mit anfahrendem/ anhaltendem/ ruhendem Fahrzeug
153574.0,2020,8,10,1,Unfall mit Leichtverletzten,0.0,7.0,0.0,0.0,0.0,0.0,0.0,0.0,8.482080973000052,49.49010322200007,,,sonstiger Unfall,Fahrrad,Unfall anderer Art
14344.0,2020,7,18,7,Unfall mit Schwerverletzten,5.0,3.0,0.0,1.0,0.0,0.0,0.0,0.0,8.475342195000053,49.485106186000046,,,Einbiegen / Kreuzen-Unfall,"Fahrrad, Pkw",Zusammenstoß mit einbiegendem / kreuzendem Fahrzeug
152281.0,2020,7,16,7,Unfall mit Leichtverletzten,0.0,3.0,0.0,1.0,0.0,0.0,0.0,0.0,8.548249060000046,49.50222677000005,,,Einbiegen / Kreuzen-Unfall,"Fahrrad, Pkw",Unfall anderer Art
152638.0,2020,7,15,7,Unfall mit Schwerverletzten,5.0,3.0,0.0,1.0,0.0,0.0,0.0,0.0,8.512214548000031,49.48908209100006,,,Einbiegen / Kreuzen-Unfall,"Fahrrad, Pkw",Zusammenstoß mit einbiegendem / kreuzendem Fahrzeug
151619.0,2020,7,14,7,Unfall mit Leichtverletzten,5.0,2.0,0.0,1.0,0.0,0.0,0.0,0.0,8.479658421000067,49.50133483700006,,,Abbiegeunfall,"Fahrrad, Pkw",Zusammenstoß mit einbiegendem / kreuzendem Fahrzeug
152361.0,2020,7,11,7,Unfall mit Leichtverletzten,6.0,4.0,0.0,0.0,1.0,0.0,0.0,0.0,8.467838750000055,49.49078196100004,,,Überschreiten-Unfall,"Fahrrad, Fußgänger",Zusammenstoß zwischen Fahrzeug und Fußgänger
152478.0,2020,7,14,6,Unfall mit Leichtverletzten,5.0,2.0,0.0,1.0,0.0,0.0,0.0,0.0,8.478754931000026,49.546929506000026,,,Abbiegeunfall,"Fahrrad, Pkw",Zusammenstoß mit einbiegendem / kreuzendem Fahrzeug
151541.0,2020,7,21,5,Unfall mit Leichtverletzten,5.0,3.0,1.0,1.0,0.0,0.0,0.0,0.0,8.480888698000058,49.54704614400004,,,Einbiegen / Kreuzen-Unfall,"Fahrrad, Pkw",Zusammenstoß mit einbiegendem / kreuzendem Fahrzeug
151891.0,2020,7,19,5,Unfall mit Schwerverletzten,1.0,5.0,0.0,1.0,0.0,0.0,0.0,0.0,8.528333106000048,49.49166693400008,,,Unfall durch ruhenden Verkehr,"Fahrrad, Pkw",Zusammenstoß mit anfahrendem/ anhaltendem/ ruhendem Fahrzeug
153060.0,2020,7,18,5,Unfall mit Leichtverletzten,1.0,2.0,0.0,1.0,0.0,0.0,0.0,0.0,8.470826062000071,49.48251483900003,,,Abbiegeunfall,"Fahrrad, Pkw",Zusammenstoß mit anfahrendem/ anhaltendem/ ruhendem Fahrzeug
151814.0,2020,7,17,5,Unfall mit Leichtverletzten,4.0,6.0,0.0,1.0,0.0,0.0,0.0,0.0,8.466168948000075,49.470396493000074,,,Unfall im Längsverkehr,"Fahrrad, Pkw",Zusammenstoß mit entgegenkommendem Fahrzeug
151916.0,2020,7,16,5,Unfall mit Leichtverletzten,1.0,7.0,0.0,1.0,0.0,0.0,0.0,0.0,8.492520669000044,49.50695929200003,,,sonstiger Unfall,"Fahrrad, Pkw",Zusammenstoß mit anfahrendem/ anhaltendem/ ruhendem Fahrzeug
151966.0,2020,7,16,5,Unfall mit Leichtverletzten,3.0,6.0,0.0,1.0,0.0,0.0,0.0,0.0,8.470804693000048,49.49029227900007,,,Unfall im Längsverkehr,"Fahrrad, Pkw",Zusammenstoß mit seitlich in gleicher Richtung fahrendem Fahrzeug
152042.0,2020,7,16,5,Unfall mit Leichtverletzten,0.0,3.0,0.0,1.0,0.0,0.0,0.0,0.0,8.474031446000026,49.48236035700006,,,Einbiegen / Kreuzen-Unfall,"Fahrrad, Pkw",Unfall anderer Art
152112.0,2020,7,15,5,Unfall mit Leichtverletzten,6.0,4.0,0.0,0.0,1.0,0.0,0.0,0.0,8.47040376700005,49.50756296900005,,,Überschreiten-Unfall,"Fahrrad, Fußgänger",Zusammenstoß zwischen Fahrzeug und Fußgänger
153072.0,2020,7,14,5,Unfall mit Schwerverletzten,5.0,3.0,0.0,1.0,0.0,0.0,0.0,0.0,8.500520349000055,49.52630278300006,,,Einbiegen / Kreuzen-Unfall,"Fahrrad, Pkw",Zusammenstoß mit einbiegendem / kreuzendem Fahrzeug
151553.0,2020,7,10,5,Unfall mit Leichtverletzten,5.0,3.0,0.0,1.0,0.0,0.0,0.0,0.0,8.478518164000036,49.46027936400003,,,Einbiegen / Kreuzen-Unfall,"Fahrrad, Pkw",Zusammenstoß mit einbiegendem / kreuzendem Fahrzeug
15249.0,2020,7,18,4,Unfall mit Leichtverletzten,5.0,3.0,0.0,1.0,0.0,0.0,0.0,0.0,8.477395371000057,49.51741667100004,,,Einbiegen / Kreuzen-Unfall,"Fahrrad, Pkw",Zusammenstoß mit einbiegendem / kreuzendem Fahrzeug
151838.0,2020,7,13,4,Unfall mit Leichtverletzten,1.0,2.0,0.0,1.0,0.0,0.0,0.0,0.0,8.466183259000047,49.47355954500006,,,Abbiegeunfall,"Fahrrad, Pkw",Zusammenstoß mit anfahrendem/ anhaltendem/ ruhendem Fahrzeug
153040.0,2020,7,13,4,Unfall mit Leichtverletzten,1.0,5.0,0.0,1.0,0.0,0.0,0.0,0.0,8.463536395000062,49.48735318400002,,,Unfall durch ruhenden Verkehr,"Fahrrad, Pkw",Zusammenstoß mit anfahrendem/ anhaltendem/ ruhendem Fahrzeug
152743.0,2020,7,12,4,Unfall mit Leichtverletzten,0.0,5.0,0.0,1.0,0.0,0.0,0.0,0.0,8.47197357500005,49.48544246900008,,,Unfall durch ruhenden Verkehr,"Fahrrad, Pkw",Unfall anderer Art
151478.0,2020,7,11,4,Unfall mit Leichtverletzten,0.0,1.0,0.0,0.0,0.0,0.0,0.0,0.0,8.454983741000035,49.52153476600006,,,Fahrunfall,Fahrrad,Unfall anderer Art
152256.0,2020,7,3,4,Unfall mit Leichtverletzten,0.0,1.0,2.0,0.0,0.0,0.0,0.0,0.0,8.477809138000055,49.48079847400004,,,Fahrunfall,Fahrrad,Unfall anderer Art
152059.0,2020,7,18,3,Unfall mit Leichtverletzten,5.0,6.0,0.0,0.0,0.0,0.0,0.0,0.0,8.566608462000033,49.45692085000008,,,Unfall im Längsverkehr,Fahrrad,Zusammenstoß mit einbiegendem / kreuzendem Fahrzeug
152219.0,2020,7,17,3,Unfall mit Schwerverletzten,0.0,6.0,0.0,1.0,0.0,0.0,0.0,0.0,8.56272154100003,49.46720602600004,,,Unfall im Längsverkehr,"Fahrrad, Pkw",Unfall anderer Art
152910.0,2020,7,17,3,Unfall mit Leichtverletzten,6.0,7.0,0.0,0.0,1.0,0.0,0.0,0.0,8.449214846000075,49.54118792500003,,,sonstiger Unfall,"Fahrrad, Fußgänger",Zusammenstoß zwischen Fahrzeug und Fußgänger
15543.0,2020,7,16,3,Unfall mit Getöteten,0.0,1.0,0.0,0.0,0.0,0.0,0.0,0.0,8.456715756000051,49.49137349800003,"28.07.2020: Der Polizei wurde am Freitagvormittag durch ein Krankenhaus in Mannheim gemeldet, dass ein 63-jähriger Patient verstorben sei, der offenbar am Dienstag, 28.07.2020 in der Mannheimer Innenstadt einen Verkehrsunfall hatte. Der Unfall wurde der Polizei bislang nicht gemeldet. Nach derzeitigem Erkenntnisstand soll der 63-Jährige mit seinem Fahrrad die Rheinstraße befahren haben und sei dabei alleinbeteiligt von Rad gestürzt. Hierbei zog er sich offenbar einen Beckenbruch zu. Er wurde von Rettungskräften in eine Klinik eingeliefert, wo er, nachdem sich sein Zustand immer weiter verschlechtert hatte, am frühen Freitagmorgen seinen schweren Verletzungen erlegen ist und verstarb.",Innenstadt,Fahrunfall,Fahrrad,Unfall anderer Art
152099.0,2020,7,15,3,Unfall mit Leichtverletzten,4.0,7.0,0.0,0.0,0.0,1.0,0.0,0.0,8.473208907000071,49.48146421200005,,,sonstiger Unfall,"Fahrrad, Kraftrad",Zusammenstoß mit entgegenkommendem Fahrzeug
152111.0,2020,7,15,3,Unfall mit Schwerverletzten,5.0,3.0,0.0,0.0,0.0,1.0,0.0,0.0,8.527292056000022,49.513907905000046,,,Einbiegen / Kreuzen-Unfall,"Fahrrad, Kraftrad",Zusammenstoß mit einbiegendem / kreuzendem Fahrzeug
151826.0,2020,7,14,3,Unfall mit Leichtverletzten,4.0,2.0,0.0,1.0,0.0,0.0,0.0,0.0,8.479672107000056,49.47941270600006,,,Abbiegeunfall,"Fahrrad, Pkw",Zusammenstoß mit entgegenkommendem Fahrzeug
152522.0,2020,7,14,3,Unfall mit Leichtverletzten,5.0,3.0,0.0,0.0,0.0,0.0,0.0,1.0,8.491153662000045,49.49964297400004,,,Einbiegen / Kreuzen-Unfall,"Fahrrad, Tram/Bus (bis 2017 auch LKW)",Zusammenstoß mit einbiegendem / kreuzendem Fahrzeug
151841.0,2020,7,13,3,Unfall mit Leichtverletzten,0.0,7.0,0.0,1.0,0.0,0.0,0.0,0.0,8.523969360000024,49.43323574500005,,,sonstiger Unfall,"Fahrrad, Pkw",Unfall anderer Art
152259.0,2020,7,13,3,Unfall mit Leichtverletzten,5.0,3.0,0.0,1.0,0.0,0.0,0.0,0.0,8.493684452000025,49.50080889000003,,,Einbiegen / Kreuzen-Unfall,"Fahrrad, Pkw",Zusammenstoß mit einbiegendem / kreuzendem Fahrzeug
152595.0,2020,7,19,2,Unfall mit Schwerverletzten,5.0,3.0,0.0,1.0,0.0,0.0,0.0,0.0,8.476276767000058,49.48871581800007,,,Einbiegen / Kreuzen-Unfall,"Fahrrad, Pkw",Zusammenstoß mit einbiegendem / kreuzendem Fahrzeug
152212.0,2020,7,16,2,Unfall mit Leichtverletzten,0.0,3.0,0.0,1.0,0.0,0.0,0.0,0.0,8.460077650000073,49.49307280800008,,,Einbiegen / Kreuzen-Unfall,"Fahrrad, Pkw",Unfall anderer Art
152054.0,2020,7,14,2,Unfall mit Leichtverletzten,0.0,7.0,0.0,0.0,0.0,0.0,1.0,0.0,8.519375023000066,49.505494898000045,,,sonstiger Unfall,"Fahrrad, LKW",Unfall anderer Art
152525.0,2020,7,14,2,Unfall mit Leichtverletzten,5.0,3.0,0.0,1.0,0.0,0.0,0.0,0.0,8.510446707000028,49.44660872500003,,,Einbiegen / Kreuzen-Unfall,"Fahrrad, Pkw",Zusammenstoß mit einbiegendem / kreuzendem Fahrzeug
151610.0,2020,7,10,2,Unfall mit Leichtverletzten,3.0,2.0,0.0,0.0,0.0,0.0,0.0,1.0,8.536046944000077,49.42013505500007,,,Abbiegeunfall,"Fahrrad, Tram/Bus (bis 2017 auch LKW)",Zusammenstoß mit seitlich in gleicher Richtung fahrendem Fahrzeug
14180.0,2020,7,7,2,Unfall mit Leichtverletzten,5.0,3.0,0.0,1.0,0.0,0.0,0.0,0.0,8.462235149000037,49.48478401900008,,,Einbiegen / Kreuzen-Unfall,"Fahrrad, Pkw",Zusammenstoß mit einbiegendem / kreuzendem Fahrzeug
152511.0,2020,7,23,1,Unfall mit Leichtverletzten,5.0,3.0,2.0,1.0,0.0,0.0,0.0,0.0,8.477309723000076,49.49738340300007,,,Einbiegen / Kreuzen-Unfall,"Fahrrad, Pkw",Zusammenstoß mit einbiegendem / kreuzendem Fahrzeug
151548.0,2020,7,19,1,Unfall mit Leichtverletzten,3.0,6.0,0.0,1.0,0.0,0.0,0.0,0.0,8.459869725000033,49.49502074400005,,,Unfall im Längsverkehr,"Fahrrad, Pkw",Zusammenstoß mit seitlich in gleicher Richtung fahrendem Fahrzeug
152352.0,2020,7,16,1,Unfall mit Leichtverletzten,2.0,6.0,0.0,1.0,0.0,0.0,0.0,0.0,8.492656730000022,49.533091054000074,,,Unfall im Längsverkehr,"Fahrrad, Pkw",Zusammenstoß mit vorausfahrendem / wartendem Fahrzeug
152575.0,2020,7,13,1,Unfall mit Leichtverletzten,0.0,1.0,0.0,0.0,0.0,0.0,0.0,0.0,8.524738754000055,49.42153874000008,,,Fahrunfall,Fahrrad,Unfall anderer Art
152105.0,2020,7,8,1,Unfall mit Leichtverletzten,5.0,3.0,0.0,1.0,0.0,0.0,0.0,0.0,8.519167207000066,49.49023434000002,,,Einbiegen / Kreuzen-Unfall,"Fahrrad, Pkw",Zusammenstoß mit einbiegendem / kreuzendem Fahrzeug
150460.0,2020,6,12,7,Unfall mit Leichtverletzten,3.0,2.0,0.0,1.0,0.0,0.0,0.0,0.0,8.479144846000054,49.45295393700008,,,Abbiegeunfall,"Fahrrad, Pkw",Zusammenstoß mit seitlich in gleicher Richtung fahrendem Fahrzeug
150665.0,2020,6,10,7,Unfall mit Leichtverletzten,1.0,5.0,0.0,1.0,0.0,0.0,0.0,0.0,8.483713194000075,49.49583797500002,,,Unfall durch ruhenden Verkehr,"Fahrrad, Pkw",Zusammenstoß mit anfahrendem/ anhaltendem/ ruhendem Fahrzeug
150625.0,2020,6,12,6,Unfall mit Leichtverletzten,5.0,7.0,0.0,1.0,0.0,0.0,0.0,0.0,8.477296812000077,49.49953444400006,,,sonstiger Unfall,"Fahrrad, Pkw",Zusammenstoß mit einbiegendem / kreuzendem Fahrzeug
150251.0,2020,6,13,5,Unfall mit Leichtverletzten,0.0,7.0,0.0,0.0,0.0,0.0,0.0,0.0,8.471551013000067,49.49324603500003,,,sonstiger Unfall,Fahrrad,Unfall anderer Art
151107.0,2020,6,10,5,Unfall mit Leichtverletzten,0.0,7.0,0.0,0.0,0.0,0.0,0.0,0.0,8.525510939000071,49.42309705600008,,,sonstiger Unfall,Fahrrad,Unfall anderer Art
150333.0,2020,6,17,4,Unfall mit Leichtverletzten,5.0,3.0,0.0,1.0,0.0,0.0,0.0,0.0,8.48452347500006,49.468078985000034,,,Einbiegen / Kreuzen-Unfall,"Fahrrad, Pkw",Zusammenstoß mit einbiegendem / kreuzendem Fahrzeug
151233.0,2020,6,10,4,Unfall mit Leichtverletzten,5.0,3.0,0.0,1.0,0.0,0.0,0.0,0.0,8.491554359000077,49.454425420000064,,,Einbiegen / Kreuzen-Unfall,"Fahrrad, Pkw",Zusammenstoß mit einbiegendem / kreuzendem Fahrzeug
150332.0,2020,6,9,4,Unfall mit Leichtverletzten,0.0,5.0,0.0,1.0,0.0,0.0,0.0,0.0,8.488010577000068,49.52716092000002,,,Unfall durch ruhenden Verkehr,"Fahrrad, Pkw",Unfall anderer Art
150335.0,2020,6,8,4,Unfall mit Schwerverletzten,5.0,3.0,0.0,1.0,0.0,0.0,0.0,0.0,8.479541422000068,49.47535918100005,,,Einbiegen / Kreuzen-Unfall,"Fahrrad, Pkw",Zusammenstoß mit einbiegendem / kreuzendem Fahrzeug
150552.0,2020,6,18,3,Unfall mit Schwerverletzten,6.0,7.0,1.0,0.0,1.0,0.0,0.0,0.0,8.468186802000048,49.47977457400003,,,sonstiger Unfall,"Fahrrad, Fußgänger",Zusammenstoß zwischen Fahrzeug und Fußgänger
150807.0,2020,6,18,3,Unfall mit Schwerverletzten,5.0,3.0,0.0,1.0,0.0,0.0,0.0,0.0,8.45832865400007,49.54579753500008,,,Einbiegen / Kreuzen-Unfall,"Fahrrad, Pkw",Zusammenstoß mit einbiegendem / kreuzendem Fahrzeug
150447.0,2020,6,16,3,Unfall mit Leichtverletzten,0.0,5.0,0.0,1.0,0.0,0.0,0.0,0.0,8.489840435000076,49.45365886200005,,,Unfall durch ruhenden Verkehr,"Fahrrad, Pkw",Unfall anderer Art
150813.0,2020,6,15,3,Unfall mit Leichtverletzten,3.0,6.0,0.0,1.0,0.0,0.0,0.0,0.0,8.515119458000072,49.507469835000045,,,Unfall im Längsverkehr,"Fahrrad, Pkw",Zusammenstoß mit seitlich in gleicher Richtung fahrendem Fahrzeug
151104.0,2020,6,15,3,Unfall mit Leichtverletzten,5.0,3.0,0.0,1.0,0.0,0.0,0.0,0.0,8.460230804000048,49.51913319900007,,,Einbiegen / Kreuzen-Unfall,"Fahrrad, Pkw",Zusammenstoß mit einbiegendem / kreuzendem Fahrzeug
151260.0,2020,6,14,3,Unfall mit Leichtverletzten,6.0,7.0,0.0,0.0,1.0,0.0,0.0,0.0,8.495387546000075,49.52136264600006,,,sonstiger Unfall,"Fahrrad, Fußgänger",Zusammenstoß zwischen Fahrzeug und Fußgänger
150818.0,2020,6,7,3,Unfall mit Leichtverletzten,0.0,6.0,0.0,1.0,0.0,0.0,0.0,0.0,8.56446737500005,49.46615946800006,,,Unfall im Längsverkehr,"Fahrrad, Pkw",Unfall anderer Art
150453.0,2020,6,6,3,Unfall mit Leichtverletzten,3.0,6.0,0.0,0.0,0.0,0.0,1.0,0.0,8.514418056000068,49.43375115300007,,,Unfall im Längsverkehr,"Fahrrad, LKW",Zusammenstoß mit seitlich in gleicher Richtung fahrendem Fahrzeug
150655.0,2020,6,5,3,Unfall mit Leichtverletzten,3.0,2.0,0.0,0.0,0.0,0.0,1.0,0.0,8.519215303000067,49.42300933500008,,,Abbiegeunfall,"Fahrrad, LKW",Zusammenstoß mit seitlich in gleicher Richtung fahrendem Fahrzeug
151533.0,2020,6,21,2,Unfall mit Leichtverletzten,6.0,7.0,0.0,0.0,1.0,0.0,0.0,0.0,8.466161764000049,49.49067652800005,,,sonstiger Unfall,"Fahrrad, Fußgänger",Zusammenstoß zwischen Fahrzeug und Fußgänger
150524.0,2020,6,20,2,Unfall mit Leichtverletzten,5.0,3.0,0.0,1.0,0.0,0.0,0.0,0.0,8.471167138000055,49.54671747000003,,,Einbiegen / Kreuzen-Unfall,"Fahrrad, Pkw",Zusammenstoß mit einbiegendem / kreuzendem Fahrzeug
12328.0,2020,6,18,2,Unfall mit Leichtverletzten,0.0,3.0,0.0,0.0,0.0,1.0,0.0,0.0,8.47147958000005,49.48102695500006,,,Einbiegen / Kreuzen-Unfall,"Fahrrad, Kraftrad",Unfall anderer Art
150749.0,2020,6,16,2,Unfall mit Leichtverletzten,5.0,3.0,0.0,0.0,0.0,1.0,0.0,0.0,8.482891283000072,49.46821294900008,,,Einbiegen / Kreuzen-Unfall,"Fahrrad, Kraftrad",Zusammenstoß mit einbiegendem / kreuzendem Fahrzeug
150528.0,2020,6,11,2,Unfall mit Leichtverletzten,0.0,2.0,0.0,1.0,0.0,0.0,0.0,0.0,8.497344362000035,49.450589818000026,,,Abbiegeunfall,"Fahrrad, Pkw",Unfall anderer Art
150650.0,2020,6,10,2,Unfall mit Leichtverletzten,5.0,3.0,0.0,1.0,0.0,0.0,0.0,0.0,8.492222882000021,49.45870765100005,,,Einbiegen / Kreuzen-Unfall,"Fahrrad, Pkw",Zusammenstoß mit einbiegendem / kreuzendem Fahrzeug
13869.0,2020,6,14,1,Unfall mit Leichtverletzten,0.0,3.0,0.0,1.0,0.0,0.0,0.0,0.0,8.482158624000022,49.52486133600007,,,Einbiegen / Kreuzen-Unfall,"Fahrrad, Pkw",Unfall anderer Art
150219.0,2020,5,13,7,Unfall mit Leichtverletzten,5.0,5.0,0.0,1.0,0.0,0.0,0.0,0.0,8.47660770400006,49.50274350400008,,,Unfall durch ruhenden Verkehr,"Fahrrad, Pkw",Zusammenstoß mit einbiegendem / kreuzendem Fahrzeug
12613.0,2020,5,16,6,Unfall mit Leichtverletzten,5.0,2.0,0.0,1.0,0.0,0.0,0.0,0.0,8.480536564000033,49.48935129500006,,,Abbiegeunfall,"Fahrrad, Pkw",Zusammenstoß mit einbiegendem / kreuzendem Fahrzeug