OBJECTID,UJAHR,UMONAT,USTUNDE,UWOCHENTAG,UKATEGORIE,UART,UTYP1,ULICHTVERH,IstPKW,IstFuss,IstKrad,IstGkfz,IstSonstige,Longitude,Latitude,Kommentar,Stadtteil,typ,involved,art
149885.0,2020,5,10,6,Unfall mit Leichtverletzten,5.0,3.0,0.0,1.0,0.0,0.0,0.0,0.0,8.480905152000048,49.54704485500008,,,Einbiegen / Kreuzen-Unfall,"Fahrrad, Pkw",Zusammenstoß mit einbiegendem / kreuzendem Fahrzeug
11837.0,2020,5,9,6,Unfall mit Leichtverletzten,5.0,2.0,0.0,1.0,0.0,0.0,0.0,0.0,8.469856372000038,49.48169474200006,,,Abbiegeunfall,"Fahrrad, Pkw",Zusammenstoß mit einbiegendem / kreuzendem Fahrzeug
150183.0,2020,5,23,5,Unfall mit Schwerverletzten,0.0,1.0,2.0,0.0,0.0,0.0,0.0,0.0,8.514330249000068,49.43379379300006,,,Fahrunfall,Fahrrad,Unfall anderer Art
149762.0,2020,5,14,5,Unfall mit Schwerverletzten,0.0,7.0,0.0,0.0,0.0,0.0,0.0,0.0,8.533992990000058,49.42466068400007,,,sonstiger Unfall,Fahrrad,Unfall anderer Art
150022.0,2020,5,12,5,Unfall mit Leichtverletzten,0.0,6.0,0.0,1.0,0.0,0.0,0.0,0.0,8.464710557000046,49.48740515900005,,,Unfall im Längsverkehr,"Fahrrad, Pkw",Unfall anderer Art
149381.0,2020,5,20,4,Unfall mit Leichtverletzten,1.0,5.0,1.0,1.0,0.0,0.0,0.0,0.0,8.483487602000025,49.50006674600007,,,Unfall durch ruhenden Verkehr,"Fahrrad, Pkw",Zusammenstoß mit anfahrendem/ anhaltendem/ ruhendem Fahrzeug
150167.0,2020,5,14,4,Unfall mit Leichtverletzten,0.0,6.0,0.0,1.0,0.0,0.0,0.0,0.0,8.533461809000073,49.47359345600007,,,Unfall im Längsverkehr,"Fahrrad, Pkw",Unfall anderer Art
150057.0,2020,5,13,4,Unfall mit Leichtverletzten,1.0,5.0,0.0,1.0,0.0,0.0,0.0,0.0,8.489942395000071,49.45776917300003,,,Unfall durch ruhenden Verkehr,"Fahrrad, Pkw",Zusammenstoß mit anfahrendem/ anhaltendem/ ruhendem Fahrzeug
149379.0,2020,5,7,4,Unfall mit Leichtverletzten,3.0,6.0,0.0,1.0,0.0,0.0,0.0,0.0,8.473606013000051,49.51835819600007,,,Unfall im Längsverkehr,"Fahrrad, Pkw",Zusammenstoß mit seitlich in gleicher Richtung fahrendem Fahrzeug
149382.0,2020,5,0,4,Unfall mit Leichtverletzten,5.0,3.0,2.0,1.0,0.0,0.0,0.0,0.0,8.466303974000027,49.49062091700006,,,Einbiegen / Kreuzen-Unfall,"Fahrrad, Pkw",Zusammenstoß mit einbiegendem / kreuzendem Fahrzeug
149445.0,2020,5,20,3,Unfall mit Leichtverletzten,4.0,3.0,1.0,1.0,0.0,0.0,0.0,0.0,8.487958484000046,49.45842013600002,,,Einbiegen / Kreuzen-Unfall,"Fahrrad, Pkw",Zusammenstoß mit entgegenkommendem Fahrzeug
11466.0,2020,5,16,3,Unfall mit Leichtverletzten,4.0,6.0,0.0,0.0,0.0,0.0,0.0,1.0,8.563272003000066,49.465512381000046,,,Unfall im Längsverkehr,"Fahrrad, Tram/Bus (bis 2017 auch LKW)",Zusammenstoß mit entgegenkommendem Fahrzeug
149460.0,2020,5,15,3,Unfall mit Leichtverletzten,1.0,5.0,0.0,1.0,0.0,0.0,0.0,0.0,8.468506484000045,49.48087803600004,,,Unfall durch ruhenden Verkehr,"Fahrrad, Pkw",Zusammenstoß mit anfahrendem/ anhaltendem/ ruhendem Fahrzeug
12163.0,2020,5,11,2,Unfall mit Leichtverletzten,5.0,2.0,0.0,1.0,0.0,0.0,0.0,0.0,8.48747230500004,49.475224465000046,,,Abbiegeunfall,"Fahrrad, Pkw",Zusammenstoß mit einbiegendem / kreuzendem Fahrzeug
12013.0,2020,5,0,2,Unfall mit Leichtverletzten,0.0,7.0,2.0,0.0,0.0,0.0,0.0,0.0,8.472015321000072,49.48205700900007,,,sonstiger Unfall,Fahrrad,Unfall anderer Art
150105.0,2020,5,19,1,Unfall mit Leichtverletzten,5.0,3.0,0.0,1.0,0.0,0.0,0.0,0.0,8.581682152000042,49.44297382400004,,,Einbiegen / Kreuzen-Unfall,"Fahrrad, Pkw",Zusammenstoß mit einbiegendem / kreuzendem Fahrzeug
149681.0,2020,5,18,1,Unfall mit Schwerverletzten,5.0,5.0,0.0,1.0,0.0,0.0,0.0,0.0,8.575718404000042,49.440503457000034,,,Unfall durch ruhenden Verkehr,"Fahrrad, Pkw",Zusammenstoß mit einbiegendem / kreuzendem Fahrzeug
149193.0,2020,4,20,7,Unfall mit Leichtverletzten,0.0,5.0,0.0,0.0,0.0,0.0,0.0,0.0,8.481219130000056,49.47952498700005,,,Unfall durch ruhenden Verkehr,Fahrrad,Unfall anderer Art
148521.0,2020,4,10,7,Unfall mit Leichtverletzten,5.0,3.0,0.0,1.0,0.0,0.0,0.0,0.0,8.451223389000063,49.545260410000026,,,Einbiegen / Kreuzen-Unfall,"Fahrrad, Pkw",Zusammenstoß mit einbiegendem / kreuzendem Fahrzeug
148822.0,2020,4,17,6,Unfall mit Leichtverletzten,0.0,7.0,0.0,0.0,0.0,0.0,0.0,0.0,8.474126683000065,49.54441799400007,,,sonstiger Unfall,Fahrrad,Unfall anderer Art
148831.0,2020,4,17,6,Unfall mit Leichtverletzten,5.0,3.0,0.0,1.0,0.0,0.0,0.0,0.0,8.493864350000024,49.45582580900003,,,Einbiegen / Kreuzen-Unfall,"Fahrrad, Pkw",Zusammenstoß mit einbiegendem / kreuzendem Fahrzeug
148815.0,2020,4,18,5,Unfall mit Schwerverletzten,5.0,3.0,0.0,1.0,0.0,0.0,0.0,0.0,8.482290598000077,49.45405788700003,,,Einbiegen / Kreuzen-Unfall,"Fahrrad, Pkw",Zusammenstoß mit einbiegendem / kreuzendem Fahrzeug
148488.0,2020,4,9,5,Unfall mit Schwerverletzten,1.0,5.0,0.0,1.0,0.0,0.0,0.0,0.0,8.466153588000054,49.46498861100008,,,Unfall durch ruhenden Verkehr,"Fahrrad, Pkw",Zusammenstoß mit anfahrendem/ anhaltendem/ ruhendem Fahrzeug
148804.0,2020,4,7,5,Unfall mit Leichtverletzten,5.0,2.0,0.0,0.0,0.0,0.0,0.0,1.0,8.485963158000061,49.46639549400004,,,Abbiegeunfall,"Fahrrad, Tram/Bus (bis 2017 auch LKW)",Zusammenstoß mit einbiegendem / kreuzendem Fahrzeug
149140.0,2020,4,5,4,Unfall mit Schwerverletzten,3.0,6.0,0.0,1.0,0.0,0.0,0.0,0.0,8.496759573000077,49.45207104600007,,,Unfall im Längsverkehr,"Fahrrad, Pkw",Zusammenstoß mit seitlich in gleicher Richtung fahrendem Fahrzeug
148659.0,2020,4,15,3,Unfall mit Leichtverletzten,1.0,5.0,0.0,1.0,0.0,0.0,0.0,0.0,8.464273396000067,49.48567353600004,,,Unfall durch ruhenden Verkehr,"Fahrrad, Pkw",Zusammenstoß mit anfahrendem/ anhaltendem/ ruhendem Fahrzeug
148277.0,2020,4,17,2,Unfall mit Leichtverletzten,5.0,3.0,0.0,1.0,0.0,0.0,0.0,0.0,8.481026278000058,49.53912534700004,,,Einbiegen / Kreuzen-Unfall,"Fahrrad, Pkw",Zusammenstoß mit einbiegendem / kreuzendem Fahrzeug
10586.0,2020,4,14,2,Unfall mit Leichtverletzten,0.0,7.0,0.0,0.0,0.0,0.0,0.0,0.0,8.477877015000047,49.487619978000055,,,sonstiger Unfall,Fahrrad,Unfall anderer Art
148428.0,2020,4,14,2,Unfall mit Leichtverletzten,2.0,2.0,0.0,0.0,0.0,0.0,0.0,1.0,8.536286940000025,49.421624442000045,,,Abbiegeunfall,"Fahrrad, Tram/Bus (bis 2017 auch LKW)",Zusammenstoß mit vorausfahrendem / wartendem Fahrzeug
148976.0,2020,4,8,2,Unfall mit Leichtverletzten,0.0,7.0,0.0,0.0,0.0,0.0,0.0,1.0,8.471581451000077,49.49348305000007,,,sonstiger Unfall,"Fahrrad, Tram/Bus (bis 2017 auch LKW)",Unfall anderer Art
10835.0,2020,4,18,1,Unfall mit Leichtverletzten,5.0,3.0,0.0,1.0,0.0,1.0,0.0,0.0,8.484388589000048,49.49397823200008,,,Einbiegen / Kreuzen-Unfall,"Fahrrad, Pkw, Kraftrad",Zusammenstoß mit einbiegendem / kreuzendem Fahrzeug
148909.0,2020,4,13,1,Unfall mit Leichtverletzten,3.0,6.0,0.0,1.0,0.0,0.0,0.0,0.0,8.558251638000058,49.46962802300004,,,Unfall im Längsverkehr,"Fahrrad, Pkw",Zusammenstoß mit seitlich in gleicher Richtung fahrendem Fahrzeug
148057.0,2020,3,15,7,Unfall mit Schwerverletzten,1.0,5.0,0.0,1.0,0.0,0.0,0.0,0.0,8.541430580000053,49.48498612900005,,,Unfall durch ruhenden Verkehr,"Fahrrad, Pkw",Zusammenstoß mit anfahrendem/ anhaltendem/ ruhendem Fahrzeug
148429.0,2020,3,14,6,Unfall mit Leichtverletzten,3.0,7.0,0.0,0.0,0.0,0.0,0.0,1.0,8.490793960000076,49.530881736000026,,,sonstiger Unfall,"Fahrrad, Tram/Bus (bis 2017 auch LKW)",Zusammenstoß mit seitlich in gleicher Richtung fahrendem Fahrzeug
147769.0,2020,3,10,6,Unfall mit Leichtverletzten,0.0,7.0,0.0,0.0,0.0,0.0,0.0,0.0,8.464238973000022,49.48563688500008,,,sonstiger Unfall,Fahrrad,Unfall anderer Art
147780.0,2020,3,20,5,Unfall mit Leichtverletzten,5.0,3.0,2.0,1.0,0.0,0.0,0.0,0.0,8.50622566900006,49.50739481000005,,,Einbiegen / Kreuzen-Unfall,"Fahrrad, Pkw",Zusammenstoß mit einbiegendem / kreuzendem Fahrzeug
147789.0,2020,3,11,5,Unfall mit Leichtverletzten,5.0,3.0,0.0,1.0,0.0,0.0,0.0,0.0,8.483737407000035,49.49737036600004,,,Einbiegen / Kreuzen-Unfall,"Fahrrad, Pkw",Zusammenstoß mit einbiegendem / kreuzendem Fahrzeug
147889.0,2020,3,9,5,Unfall mit Leichtverletzten,5.0,3.0,0.0,1.0,0.0,0.0,0.0,0.0,8.469481475000066,49.464757614000064,,,Einbiegen / Kreuzen-Unfall,"Fahrrad, Pkw",Zusammenstoß mit einbiegendem / kreuzendem Fahrzeug
147883.0,2020,3,11,3,Unfall mit Schwerverletzten,0.0,5.0,0.0,0.0,0.0,0.0,0.0,1.0,8.469997159000059,49.50528572400003,,,Unfall durch ruhenden Verkehr,"Fahrrad, Tram/Bus (bis 2017 auch LKW)",Unfall anderer Art
147887.0,2020,3,7,3,Unfall mit Leichtverletzten,3.0,6.0,0.0,1.0,0.0,0.0,0.0,0.0,8.541755242000022,49.490107075000026,,,Unfall im Längsverkehr,"Fahrrad, Pkw",Zusammenstoß mit seitlich in gleicher Richtung fahrendem Fahrzeug
147486.0,2020,3,19,2,Unfall mit Schwerverletzten,0.0,7.0,2.0,0.0,0.0,0.0,0.0,0.0,8.480627455000047,49.47987042900007,,,sonstiger Unfall,Fahrrad,Unfall anderer Art
148362.0,2020,3,12,2,Unfall mit Leichtverletzten,3.0,2.0,0.0,0.0,0.0,0.0,0.0,1.0,8.495676411000034,49.499087847000055,,,Abbiegeunfall,"Fahrrad, Tram/Bus (bis 2017 auch LKW)",Zusammenstoß mit seitlich in gleicher Richtung fahrendem Fahrzeug
148153.0,2020,3,11,2,Unfall mit Leichtverletzten,5.0,3.0,0.0,1.0,0.0,0.0,0.0,0.0,8.489266176000058,49.52259307400004,,,Einbiegen / Kreuzen-Unfall,"Fahrrad, Pkw",Zusammenstoß mit einbiegendem / kreuzendem Fahrzeug
148006.0,2020,3,7,1,Unfall mit Schwerverletzten,3.0,6.0,0.0,1.0,0.0,0.0,0.0,0.0,8.471406570000056,49.52507573200006,,,Unfall im Längsverkehr,"Fahrrad, Pkw",Zusammenstoß mit seitlich in gleicher Richtung fahrendem Fahrzeug
147596.0,2020,2,12,7,Unfall mit Leichtverletzten,1.0,5.0,0.0,1.0,0.0,0.0,0.0,0.0,8.482066836000058,49.47870290600008,,,Unfall durch ruhenden Verkehr,"Fahrrad, Pkw",Zusammenstoß mit anfahrendem/ anhaltendem/ ruhendem Fahrzeug
147502.0,2020,2,13,6,Unfall mit Leichtverletzten,5.0,5.0,0.0,1.0,0.0,0.0,0.0,0.0,8.48868731500005,49.46311207600007,,,Unfall durch ruhenden Verkehr,"Fahrrad, Pkw",Zusammenstoß mit einbiegendem / kreuzendem Fahrzeug
147597.0,2020,2,9,6,Unfall mit Leichtverletzten,3.0,5.0,0.0,1.0,0.0,0.0,0.0,0.0,8.48412740200007,49.49660607200008,,,Unfall durch ruhenden Verkehr,"Fahrrad, Pkw",Zusammenstoß mit seitlich in gleicher Richtung fahrendem Fahrzeug
147058.0,2020,2,18,4,Unfall mit Leichtverletzten,5.0,2.0,0.0,1.0,0.0,0.0,0.0,0.0,8.475763220000033,49.48123306000008,,,Abbiegeunfall,"Fahrrad, Pkw",Zusammenstoß mit einbiegendem / kreuzendem Fahrzeug
147062.0,2020,2,17,4,Unfall mit Leichtverletzten,5.0,3.0,0.0,1.0,0.0,0.0,0.0,0.0,8.492687913000054,49.47631793500005,,,Einbiegen / Kreuzen-Unfall,"Fahrrad, Pkw",Zusammenstoß mit einbiegendem / kreuzendem Fahrzeug
147060.0,2020,2,15,4,Unfall mit Leichtverletzten,3.0,2.0,0.0,1.0,0.0,0.0,0.0,0.0,8.501740619000032,49.51959074100006,,,Abbiegeunfall,"Fahrrad, Pkw",Zusammenstoß mit seitlich in gleicher Richtung fahrendem Fahrzeug
146965.0,2020,2,15,3,Unfall mit Leichtverletzten,3.0,2.0,0.0,1.0,0.0,0.0,0.0,0.0,8.465412006000065,49.488167530000055,,,Abbiegeunfall,"Fahrrad, Pkw",Zusammenstoß mit seitlich in gleicher Richtung fahrendem Fahrzeug
147031.0,2020,2,13,3,Unfall mit Leichtverletzten,5.0,3.0,0.0,1.0,0.0,0.0,0.0,0.0,8.463648741000043,49.485285463000025,,,Einbiegen / Kreuzen-Unfall,"Fahrrad, Pkw",Zusammenstoß mit einbiegendem / kreuzendem Fahrzeug
8620.0,2020,2,7,3,Unfall mit Leichtverletzten,5.0,3.0,0.0,1.0,0.0,0.0,0.0,0.0,8.492577166000046,49.47858738000008,,,Einbiegen / Kreuzen-Unfall,"Fahrrad, Pkw",Zusammenstoß mit einbiegendem / kreuzendem Fahrzeug
146912.0,2020,2,16,2,Unfall mit Leichtverletzten,3.0,6.0,0.0,0.0,0.0,0.0,0.0,0.0,8.483616265000023,49.48965136600003,,,Unfall im Längsverkehr,Fahrrad,Zusammenstoß mit seitlich in gleicher Richtung fahrendem Fahrzeug
146667.0,2020,2,2,1,Unfall mit Leichtverletzten,5.0,3.0,2.0,1.0,0.0,0.0,0.0,0.0,8.473372891000054,49.49538325500004,,,Einbiegen / Kreuzen-Unfall,"Fahrrad, Pkw",Zusammenstoß mit einbiegendem / kreuzendem Fahrzeug
145860.0,2020,1,17,7,Unfall mit Leichtverletzten,5.0,5.0,1.0,1.0,0.0,0.0,0.0,0.0,8.497958006000033,49.50294296900007,,,Unfall durch ruhenden Verkehr,"Fahrrad, Pkw",Zusammenstoß mit einbiegendem / kreuzendem Fahrzeug
146134.0,2020,1,12,7,Unfall mit Leichtverletzten,1.0,5.0,0.0,1.0,0.0,0.0,0.0,0.0,8.49543738400007,49.52991089900007,,,Unfall durch ruhenden Verkehr,"Fahrrad, Pkw",Zusammenstoß mit anfahrendem/ anhaltendem/ ruhendem Fahrzeug
146379.0,2020,1,9,7,Unfall mit Leichtverletzten,2.0,6.0,0.0,1.0,0.0,0.0,0.0,0.0,8.468305833000045,49.491286718000026,,,Unfall im Längsverkehr,"Fahrrad, Pkw",Zusammenstoß mit vorausfahrendem / wartendem Fahrzeug
145832.0,2020,1,14,6,Unfall mit Leichtverletzten,5.0,3.0,0.0,1.0,0.0,0.0,0.0,0.0,8.481077549000076,49.45681844600006,,,Einbiegen / Kreuzen-Unfall,"Fahrrad, Pkw",Zusammenstoß mit einbiegendem / kreuzendem Fahrzeug
146330.0,2020,1,14,6,Unfall mit Leichtverletzten,5.0,3.0,0.0,1.0,0.0,0.0,0.0,0.0,8.480155118000027,49.48099436800004,,,Einbiegen / Kreuzen-Unfall,"Fahrrad, Pkw",Zusammenstoß mit einbiegendem / kreuzendem Fahrzeug
146324.0,2020,1,11,6,Unfall mit Leichtverletzten,1.0,5.0,0.0,1.0,0.0,0.0,0.0,0.0,8.549387809000052,49.49608222300003,,,Unfall durch ruhenden Verkehr,"Fahrrad, Pkw",Zusammenstoß mit anfahrendem/ anhaltendem/ ruhendem Fahrzeug
146551.0,2020,1,22,5,Unfall mit Leichtverletzten,3.0,2.0,2.0,1.0,0.0,0.0,0.0,0.0,8.457430697000063,49.51389573200004,,,Abbiegeunfall,"Fahrrad, Pkw",Zusammenstoß mit seitlich in gleicher Richtung fahrendem Fahrzeug
146232.0,2020,1,19,5,Unfall mit Leichtverletzten,5.0,2.0,2.0,1.0,0.0,0.0,0.0,0.0,8.493079783000042,49.52180968600004,,,Abbiegeunfall,"Fahrrad, Pkw",Zusammenstoß mit einbiegendem / kreuzendem Fahrzeug
146644.0,2020,1,18,5,Unfall mit Leichtverletzten,3.0,6.0,2.0,1.0,0.0,0.0,0.0,0.0,8.471586982000076,49.488552582000075,,,Unfall im Längsverkehr,"Fahrrad, Pkw",Zusammenstoß mit seitlich in gleicher Richtung fahrendem Fahrzeug
146030.0,2020,1,8,5,Unfall mit Leichtverletzten,0.0,7.0,0.0,0.0,0.0,0.0,0.0,0.0,8.55254343200005,49.51010905700008,,,sonstiger Unfall,Fahrrad,Unfall anderer Art
146700.0,2020,1,9,4,Unfall mit Leichtverletzten,0.0,7.0,0.0,0.0,0.0,0.0,0.0,0.0,8.474946591000048,49.46550574100007,,,sonstiger Unfall,Fahrrad,Unfall anderer Art
6601.0,2020,1,17,3,Unfall mit Leichtverletzten,1.0,6.0,2.0,1.0,0.0,0.0,0.0,0.0,8.473120314000028,49.48270935200002,,,Unfall im Längsverkehr,"Fahrrad, Pkw",Zusammenstoß mit anfahrendem/ anhaltendem/ ruhendem Fahrzeug
146831.0,2020,1,18,2,Unfall mit Leichtverletzten,5.0,3.0,2.0,1.0,0.0,0.0,0.0,0.0,8.479046336000067,49.46044815800008,,,Einbiegen / Kreuzen-Unfall,"Fahrrad, Pkw",Zusammenstoß mit einbiegendem / kreuzendem Fahrzeug
146467.0,2020,1,2,1,Unfall mit Schwerverletzten,0.0,7.0,2.0,0.0,0.0,0.0,0.0,0.0,8.46511822900004,49.49895691200004,,,sonstiger Unfall,Fahrrad,Unfall anderer Art
185438.0,2019,12,18,7,Unfall mit Leichtverletzten,1.0,5.0,2.0,1.0,0.0,0.0,0.0,0.0,8.46839299000004,49.49138329400006,,,Unfall durch ruhenden Verkehr,"Fahrrad, Pkw",Zusammenstoß mit anfahrendem/ anhaltendem/ ruhendem Fahrzeug
185771.0,2019,12,12,6,Unfall mit Leichtverletzten,5.0,3.0,0.0,0.0,0.0,0.0,0.0,1.0,8.498930766000058,49.453784132000074,,,Einbiegen / Kreuzen-Unfall,"Fahrrad, Tram/Bus (bis 2017 auch LKW)",Zusammenstoß mit einbiegendem / kreuzendem Fahrzeug
185471.0,2019,12,8,6,Unfall mit Leichtverletzten,3.0,6.0,1.0,1.0,0.0,0.0,0.0,0.0,8.552645012000028,49.50059647100005,,,Unfall im Längsverkehr,"Fahrrad, Pkw",Zusammenstoß mit seitlich in gleicher Richtung fahrendem Fahrzeug
185527.0,2019,12,11,5,Unfall mit Leichtverletzten,0.0,1.0,0.0,0.0,0.0,0.0,0.0,0.0,8.48898964700004,49.49551909100006,,,Fahrunfall,Fahrrad,Unfall anderer Art
185305.0,2019,12,22,4,Unfall mit Leichtverletzten,3.0,2.0,2.0,1.0,0.0,0.0,0.0,0.0,8.47505830800003,49.49064125700005,,,Abbiegeunfall,"Fahrrad, Pkw",Zusammenstoß mit seitlich in gleicher Richtung fahrendem Fahrzeug
40407.0,2019,12,17,4,Unfall mit Schwerverletzten,3.0,2.0,2.0,1.0,0.0,0.0,0.0,0.0,8.483665660000042,49.49358129200005,,,Abbiegeunfall,"Fahrrad, Pkw",Zusammenstoß mit seitlich in gleicher Richtung fahrendem Fahrzeug
40163.0,2019,12,16,4,Unfall mit Schwerverletzten,5.0,3.0,2.0,1.0,0.0,0.0,0.0,0.0,8.456001958000058,49.48519432200004,,,Einbiegen / Kreuzen-Unfall,"Fahrrad, Pkw",Zusammenstoß mit einbiegendem / kreuzendem Fahrzeug
185392.0,2019,12,15,4,Unfall mit Leichtverletzten,5.0,3.0,0.0,1.0,0.0,0.0,0.0,0.0,8.487735327000053,49.47949380200004,,,Einbiegen / Kreuzen-Unfall,"Fahrrad, Pkw",Zusammenstoß mit einbiegendem / kreuzendem Fahrzeug
185067.0,2019,12,15,3,Unfall mit Leichtverletzten,2.0,6.0,0.0,1.0,0.0,0.0,0.0,0.0,8.479688377000059,49.48270703000002,,,Unfall im Längsverkehr,"Fahrrad, Pkw",Zusammenstoß mit vorausfahrendem / wartendem Fahrzeug
185068.0,2019,12,15,3,Unfall mit Leichtverletzten,5.0,3.0,0.0,1.0,0.0,0.0,0.0,0.0,8.507860938000022,49.512298757000046,,,Einbiegen / Kreuzen-Unfall,"Fahrrad, Pkw",Zusammenstoß mit einbiegendem / kreuzendem Fahrzeug
185066.0,2019,12,12,3,Unfall mit Schwerverletzten,5.0,3.0,0.0,1.0,0.0,0.0,0.0,0.0,8.479896341000028,49.484354730000064,,,Einbiegen / Kreuzen-Unfall,"Fahrrad, Pkw",Zusammenstoß mit einbiegendem / kreuzendem Fahrzeug
185065.0,2019,12,11,3,Unfall mit Leichtverletzten,5.0,2.0,0.0,1.0,0.0,0.0,0.0,0.0,8.496784207000076,49.52575309700006,,,Abbiegeunfall,"Fahrrad, Pkw",Zusammenstoß mit einbiegendem / kreuzendem Fahrzeug
185389.0,2019,12,16,2,Unfall mit Leichtverletzten,3.0,3.0,0.0,0.0,0.0,0.0,0.0,1.0,8.449501378000036,49.505060421000046,,,Einbiegen / Kreuzen-Unfall,"Fahrrad, Tram/Bus (bis 2017 auch LKW)",Zusammenstoß mit seitlich in gleicher Richtung fahrendem Fahrzeug
185115.0,2019,12,10,2,Unfall mit Leichtverletzten,5.0,3.0,0.0,1.0,0.0,0.0,0.0,0.0,8.55254343200005,49.51010905700008,,,Einbiegen / Kreuzen-Unfall,"Fahrrad, Pkw",Zusammenstoß mit einbiegendem / kreuzendem Fahrzeug
185116.0,2019,12,10,2,Unfall mit Leichtverletzten,3.0,6.0,0.0,1.0,0.0,0.0,0.0,0.0,8.472806155000058,49.48605080700003,,,Unfall im Längsverkehr,"Fahrrad, Pkw",Zusammenstoß mit seitlich in gleicher Richtung fahrendem Fahrzeug
184871.0,2019,12,10,1,Unfall mit Leichtverletzten,5.0,3.0,0.0,1.0,0.0,0.0,0.0,0.0,8.478514657000062,49.46027859700007,,,Einbiegen / Kreuzen-Unfall,"Fahrrad, Pkw",Zusammenstoß mit einbiegendem / kreuzendem Fahrzeug
184925.0,2019,11,19,6,Unfall mit Leichtverletzten,0.0,1.0,2.0,1.0,0.0,0.0,0.0,0.0,8.477629941000032,49.47832266100005,,,Fahrunfall,"Fahrrad, Pkw",Unfall anderer Art
184037.0,2019,11,15,6,Unfall mit Leichtverletzten,3.0,6.0,0.0,0.0,0.0,0.0,0.0,0.0,8.46977522900005,49.47146516700008,,,Unfall im Längsverkehr,Fahrrad,Zusammenstoß mit seitlich in gleicher Richtung fahrendem Fahrzeug
184921.0,2019,11,11,6,Unfall mit Leichtverletzten,5.0,3.0,0.0,1.0,0.0,0.0,0.0,0.0,8.475299650000068,49.54680961400004,,,Einbiegen / Kreuzen-Unfall,"Fahrrad, Pkw",Zusammenstoß mit einbiegendem / kreuzendem Fahrzeug
,2019,11,11,6,Unfall mit Getöteten,,,,,,,,,8.5478,49.4331,"14.11.2019: Ein 61-jähriger Fahrradfahrer verstarb nach einem Sturz vom Fahrrad im Stadtteil Rheinau. Der Mann war nach derzeitigem Kenntnisstand gegen 11.20 Uhr mit seinem Rennrad auf dem Stangenbrunnenweg zwischen Hallenbrücken und Iggelheimer Straße unterwegs. Vermutlich aufgrund plötzlich auftretender gesundheitlicher Problem stürzte er auf die Fahrbahn und zog sich dabei schwere Verletzungen zu. Er nach notärztlicher Erstversorgung und Reanimation vor Ort in ein Krankenhaus eingeliefert, wo er wenig später seinen schweren Verletzungen erlag. Da der Unfallhergang derzeit noch nicht abschließend geklärt werden konnte, sucht die Polizei Zeugen, die den Radfahrer und den Unfall beobachtet haben. Außerdem werden die Personen gesucht, die den Unfall gemeldet und die Reanimation eingeleitet haben.",Rheinau,Unbekannt,Fahrrad,Unbekannt
184920.0,2019,11,9,6,Unfall mit Leichtverletzten,0.0,1.0,0.0,0.0,0.0,0.0,0.0,0.0,8.495685856000023,49.533374681000055,,,Fahrunfall,Fahrrad,Unfall anderer Art
184078.0,2019,11,19,5,Unfall mit Leichtverletzten,0.0,7.0,2.0,0.0,0.0,0.0,0.0,0.0,8.470061111000064,49.493159527000046,,,sonstiger Unfall,Fahrrad,Unfall anderer Art
184969.0,2019,11,15,5,Unfall mit Leichtverletzten,5.0,3.0,0.0,0.0,0.0,0.0,1.0,0.0,8.507394574000045,49.44178400800007,,,Einbiegen / Kreuzen-Unfall,"Fahrrad, LKW",Zusammenstoß mit einbiegendem / kreuzendem Fahrzeug
184118.0,2019,11,18,4,Unfall mit Leichtverletzten,3.0,6.0,2.0,1.0,0.0,0.0,0.0,0.0,8.47451475500003,49.48448447100003,,,Unfall im Längsverkehr,"Fahrrad, Pkw",Zusammenstoß mit seitlich in gleicher Richtung fahrendem Fahrzeug
185009.0,2019,11,16,4,Unfall mit Leichtverletzten,5.0,3.0,1.0,1.0,0.0,0.0,0.0,0.0,8.482067179000069,49.48034793200002,,,Einbiegen / Kreuzen-Unfall,"Fahrrad, Pkw",Zusammenstoß mit einbiegendem / kreuzendem Fahrzeug
184389.0,2019,11,14,4,Unfall mit Leichtverletzten,4.0,2.0,0.0,1.0,0.0,0.0,0.0,0.0,8.475663445000066,49.47355691500008,,,Abbiegeunfall,"Fahrrad, Pkw",Zusammenstoß mit entgegenkommendem Fahrzeug
184674.0,2019,11,14,4,Unfall mit Leichtverletzten,5.0,3.0,0.0,1.0,0.0,0.0,0.0,0.0,8.49068912100006,49.52227771200006,,,Einbiegen / Kreuzen-Unfall,"Fahrrad, Pkw",Zusammenstoß mit einbiegendem / kreuzendem Fahrzeug
184116.0,2019,11,11,4,Unfall mit Leichtverletzten,0.0,7.0,0.0,0.0,0.0,0.0,0.0,0.0,8.459916717000056,49.51858384100007,,,sonstiger Unfall,Fahrrad,Unfall anderer Art