OBJECTID,UJAHR,UMONAT,USTUNDE,UWOCHENTAG,UKATEGORIE,UART,UTYP1,ULICHTVERH,IstPKW,IstFuss,IstKrad,IstGkfz,IstSonstige,Longitude,Latitude,Kommentar,Stadtteil,typ,involved,art
184391.0,2019,11,6,4,Unfall mit Leichtverletzten,5.0,5.0,2.0,1.0,0.0,0.0,0.0,0.0,8.487491153000065,49.46457781500004,,,Unfall durch ruhenden Verkehr,"Fahrrad, Pkw",Zusammenstoß mit einbiegendem / kreuzendem Fahrzeug
39247.0,2019,11,8,3,Unfall mit Leichtverletzten,5.0,3.0,0.0,1.0,0.0,0.0,0.0,0.0,8.492334056000061,49.50014118900003,,,Einbiegen / Kreuzen-Unfall,"Fahrrad, Pkw",Zusammenstoß mit einbiegendem / kreuzendem Fahrzeug
184719.0,2019,11,6,3,Unfall mit Leichtverletzten,5.0,3.0,2.0,1.0,0.0,0.0,0.0,0.0,8.477620942000044,49.48430548500005,,,Einbiegen / Kreuzen-Unfall,"Fahrrad, Pkw",Zusammenstoß mit einbiegendem / kreuzendem Fahrzeug
184768.0,2019,11,13,2,Unfall mit Getöteten,5.0,3.0,0.0,0.0,0.0,0.0,0.0,1.0,8.48168531500005,49.455858481000064,"18.11.2019: Nach einem Unfall mit einer Straßenbahn in Mannheim ist eine Fahrradfahrerin am Montag ihren schweren Verletzungen im Krankenhaus erlegen. Wie die Polizei mitteilte, kollidierte die 76-Jährige gegen 13.15 Uhr kurz vor der Haltestelle Rheingoldplatz in der Steubenstraße mit der Tram. Sie soll nach ersten Ermittlungen den dortigen Gleisbereich aus Richtung Sentastraße kommend überquert haben. Die Straßenbahn, die die Steubenstraße in Richtung Rheingoldplatz befuhr, soll sie dabei frontal erfasst haben.",Neckarau,Einbiegen / Kreuzen-Unfall,"Fahrrad, Tram/Bus (bis 2017 auch LKW)",Zusammenstoß mit einbiegendem / kreuzendem Fahrzeug
184212.0,2019,11,10,2,Unfall mit Schwerverletzten,5.0,3.0,0.0,1.0,0.0,0.0,0.0,0.0,8.481075580000038,49.456817871000055,,,Einbiegen / Kreuzen-Unfall,"Fahrrad, Pkw",Zusammenstoß mit einbiegendem / kreuzendem Fahrzeug
184463.0,2019,11,6,2,Unfall mit Leichtverletzten,2.0,2.0,2.0,1.0,0.0,0.0,0.0,0.0,8.453495823000026,49.536050467000045,,,Abbiegeunfall,"Fahrrad, Pkw",Zusammenstoß mit vorausfahrendem / wartendem Fahrzeug
184484.0,2019,11,13,1,Unfall mit Leichtverletzten,3.0,7.0,0.0,1.0,0.0,0.0,0.0,1.0,8.464588665000065,49.48922712600007,,,sonstiger Unfall,"Fahrrad, Pkw, Tram/Bus (bis 2017 auch LKW)",Zusammenstoß mit seitlich in gleicher Richtung fahrendem Fahrzeug
183023.0,2019,10,13,7,Unfall mit Leichtverletzten,0.0,7.0,0.0,0.0,0.0,0.0,0.0,0.0,8.467937299000027,49.52951918900004,,,sonstiger Unfall,Fahrrad,Unfall anderer Art
183432.0,2019,10,20,6,Unfall mit Leichtverletzten,2.0,6.0,2.0,1.0,0.0,0.0,0.0,0.0,8.53824725100003,49.45547690000007,,,Unfall im Längsverkehr,"Fahrrad, Pkw",Zusammenstoß mit vorausfahrendem / wartendem Fahrzeug
36673.0,2019,10,19,6,Unfall mit Leichtverletzten,3.0,2.0,1.0,1.0,0.0,0.0,0.0,0.0,8.482210124000062,49.47411044500007,,,Abbiegeunfall,"Fahrrad, Pkw",Zusammenstoß mit seitlich in gleicher Richtung fahrendem Fahrzeug
183259.0,2019,10,17,6,Unfall mit Leichtverletzten,5.0,2.0,0.0,1.0,0.0,0.0,0.0,0.0,8.469838981000066,49.50572049600004,,,Abbiegeunfall,"Fahrrad, Pkw",Zusammenstoß mit einbiegendem / kreuzendem Fahrzeug
38169.0,2019,10,13,6,Unfall mit Leichtverletzten,5.0,2.0,0.0,1.0,0.0,0.0,0.0,0.0,8.487075781000044,49.49633290500003,,,Abbiegeunfall,"Fahrrad, Pkw",Zusammenstoß mit einbiegendem / kreuzendem Fahrzeug
183079.0,2019,10,13,6,Unfall mit Leichtverletzten,5.0,3.0,0.0,1.0,0.0,0.0,0.0,0.0,8.538471622000031,49.48295183100004,,,Einbiegen / Kreuzen-Unfall,"Fahrrad, Pkw",Zusammenstoß mit einbiegendem / kreuzendem Fahrzeug
183484.0,2019,10,12,6,Unfall mit Schwerverletzten,1.0,3.0,0.0,0.0,0.0,0.0,0.0,0.0,8.494804920000036,49.45375827300006,,,Einbiegen / Kreuzen-Unfall,Fahrrad,Zusammenstoß mit anfahrendem/ anhaltendem/ ruhendem Fahrzeug
37855.0,2019,10,8,6,Unfall mit Leichtverletzten,5.0,5.0,0.0,1.0,0.0,0.0,0.0,0.0,8.47082800000004,49.51111442400003,,,Unfall durch ruhenden Verkehr,"Fahrrad, Pkw",Zusammenstoß mit einbiegendem / kreuzendem Fahrzeug
183080.0,2019,10,6,6,Unfall mit Leichtverletzten,5.0,3.0,2.0,0.0,0.0,0.0,0.0,1.0,8.47009369400007,49.493482708000045,,,Einbiegen / Kreuzen-Unfall,"Fahrrad, Tram/Bus (bis 2017 auch LKW)",Zusammenstoß mit einbiegendem / kreuzendem Fahrzeug
183130.0,2019,10,21,5,Unfall mit Leichtverletzten,1.0,5.0,2.0,1.0,0.0,0.0,0.0,0.0,8.472587780000026,49.49963973000007,,,Unfall durch ruhenden Verkehr,"Fahrrad, Pkw",Zusammenstoß mit anfahrendem/ anhaltendem/ ruhendem Fahrzeug
36722.0,2019,10,15,5,Unfall mit Leichtverletzten,0.0,7.0,0.0,0.0,0.0,0.0,0.0,0.0,8.559732996000037,49.46877876600007,,,sonstiger Unfall,Fahrrad,Unfall anderer Art
37755.0,2019,10,14,5,Unfall mit Leichtverletzten,5.0,3.0,0.0,1.0,0.0,0.0,0.0,0.0,8.47613718100007,49.48693845700007,,,Einbiegen / Kreuzen-Unfall,"Fahrrad, Pkw",Zusammenstoß mit einbiegendem / kreuzendem Fahrzeug
183804.0,2019,10,11,5,Unfall mit Schwerverletzten,0.0,1.0,0.0,0.0,0.0,0.0,0.0,0.0,8.469397944000036,49.48735857400004,,,Fahrunfall,Fahrrad,Unfall anderer Art
183462.0,2019,10,10,5,Unfall mit Leichtverletzten,5.0,3.0,0.0,1.0,0.0,0.0,0.0,0.0,8.50641657500006,49.50856573800007,,,Einbiegen / Kreuzen-Unfall,"Fahrrad, Pkw",Zusammenstoß mit einbiegendem / kreuzendem Fahrzeug
183131.0,2019,10,7,5,Unfall mit Leichtverletzten,5.0,3.0,1.0,1.0,0.0,0.0,0.0,0.0,8.468459407000068,49.475954624000046,,,Einbiegen / Kreuzen-Unfall,"Fahrrad, Pkw",Zusammenstoß mit einbiegendem / kreuzendem Fahrzeug
182879.0,2019,10,17,4,Unfall mit Leichtverletzten,0.0,1.0,0.0,0.0,0.0,0.0,0.0,0.0,8.482074840000053,49.478815190000034,,,Fahrunfall,Fahrrad,Unfall anderer Art
37114.0,2019,10,15,4,Unfall mit Leichtverletzten,5.0,2.0,0.0,1.0,0.0,0.0,0.0,0.0,8.468438461000062,49.50940033300003,,,Abbiegeunfall,"Fahrrad, Pkw",Zusammenstoß mit einbiegendem / kreuzendem Fahrzeug
183308.0,2019,10,9,4,Unfall mit Leichtverletzten,3.0,2.0,0.0,1.0,0.0,0.0,0.0,0.0,8.468900193000025,49.49193828700004,,,Abbiegeunfall,"Fahrrad, Pkw",Zusammenstoß mit seitlich in gleicher Richtung fahrendem Fahrzeug
183422.0,2019,10,8,4,Unfall mit Leichtverletzten,6.0,6.0,0.0,0.0,1.0,0.0,0.0,0.0,8.52791991500004,49.51419138800002,,,Unfall im Längsverkehr,"Fahrrad, Fußgänger",Zusammenstoß zwischen Fahrzeug und Fußgänger
183603.0,2019,10,8,4,Unfall mit Leichtverletzten,1.0,5.0,0.0,1.0,0.0,0.0,0.0,0.0,8.489888388000054,49.474682019000056,,,Unfall durch ruhenden Verkehr,"Fahrrad, Pkw",Zusammenstoß mit anfahrendem/ anhaltendem/ ruhendem Fahrzeug
183291.0,2019,10,19,3,Unfall mit Leichtverletzten,0.0,6.0,2.0,0.0,0.0,0.0,0.0,1.0,8.462759298000037,49.49920126900008,,,Unfall im Längsverkehr,"Fahrrad, Tram/Bus (bis 2017 auch LKW)",Unfall anderer Art
37427.0,2019,10,17,3,Unfall mit Leichtverletzten,5.0,3.0,0.0,1.0,0.0,0.0,0.0,0.0,8.468781641000021,49.50964570800005,,,Einbiegen / Kreuzen-Unfall,"Fahrrad, Pkw",Zusammenstoß mit einbiegendem / kreuzendem Fahrzeug
182930.0,2019,10,15,3,Unfall mit Leichtverletzten,5.0,3.0,0.0,1.0,0.0,0.0,0.0,0.0,8.49223025300006,49.45869854400007,,,Einbiegen / Kreuzen-Unfall,"Fahrrad, Pkw",Zusammenstoß mit einbiegendem / kreuzendem Fahrzeug
183651.0,2019,10,10,3,Unfall mit Leichtverletzten,1.0,5.0,0.0,1.0,0.0,0.0,0.0,0.0,8.485114361000058,49.524308501000064,,,Unfall durch ruhenden Verkehr,"Fahrrad, Pkw",Zusammenstoß mit anfahrendem/ anhaltendem/ ruhendem Fahrzeug
183653.0,2019,10,10,3,Unfall mit Schwerverletzten,5.0,2.0,0.0,1.0,0.0,0.0,0.0,0.0,8.524347798000065,49.44017267700008,,,Abbiegeunfall,"Fahrrad, Pkw",Zusammenstoß mit einbiegendem / kreuzendem Fahrzeug
183652.0,2019,10,8,3,Unfall mit Leichtverletzten,3.0,2.0,0.0,0.0,0.0,0.0,0.0,1.0,8.471225768000068,49.500165208000055,,,Abbiegeunfall,"Fahrrad, Tram/Bus (bis 2017 auch LKW)",Zusammenstoß mit seitlich in gleicher Richtung fahrendem Fahrzeug
38311.0,2019,10,5,3,Unfall mit Leichtverletzten,5.0,3.0,2.0,0.0,0.0,1.0,0.0,0.0,8.464546513000073,49.48192587800003,,,Einbiegen / Kreuzen-Unfall,"Fahrrad, Kraftrad",Zusammenstoß mit einbiegendem / kreuzendem Fahrzeug
182688.0,2019,10,5,3,Unfall mit Leichtverletzten,5.0,3.0,2.0,1.0,0.0,0.0,0.0,0.0,8.462842544000068,49.48560830400004,,,Einbiegen / Kreuzen-Unfall,"Fahrrad, Pkw",Zusammenstoß mit einbiegendem / kreuzendem Fahrzeug
183919.0,2019,10,15,2,Unfall mit Leichtverletzten,1.0,5.0,0.0,1.0,0.0,0.0,0.0,0.0,8.46740085700003,49.49032647500008,,,Unfall durch ruhenden Verkehr,"Fahrrad, Pkw",Zusammenstoß mit anfahrendem/ anhaltendem/ ruhendem Fahrzeug
182733.0,2019,10,12,2,Unfall mit Leichtverletzten,1.0,5.0,0.0,1.0,0.0,0.0,0.0,0.0,8.469533729000034,49.47209836000008,,,Unfall durch ruhenden Verkehr,"Fahrrad, Pkw",Zusammenstoß mit anfahrendem/ anhaltendem/ ruhendem Fahrzeug
183723.0,2019,10,11,2,Unfall mit Leichtverletzten,5.0,3.0,0.0,1.0,0.0,0.0,0.0,0.0,8.471161472000063,49.47403209800007,,,Einbiegen / Kreuzen-Unfall,"Fahrrad, Pkw",Zusammenstoß mit einbiegendem / kreuzendem Fahrzeug
37851.0,2019,10,0,2,Unfall mit Leichtverletzten,5.0,3.0,2.0,1.0,0.0,0.0,0.0,0.0,8.491070270000023,49.49963229200006,,,Einbiegen / Kreuzen-Unfall,"Fahrrad, Pkw",Zusammenstoß mit einbiegendem / kreuzendem Fahrzeug
183949.0,2019,10,14,1,Unfall mit Leichtverletzten,5.0,2.0,0.0,1.0,0.0,0.0,0.0,0.0,8.495981825000058,49.49925200600006,,,Abbiegeunfall,"Fahrrad, Pkw",Zusammenstoß mit einbiegendem / kreuzendem Fahrzeug
182083.0,2019,9,18,7,Unfall mit Leichtverletzten,6.0,6.0,0.0,0.0,1.0,0.0,0.0,0.0,8.447985734000042,49.54290363200005,,,Unfall im Längsverkehr,"Fahrrad, Fußgänger",Zusammenstoß zwischen Fahrzeug und Fußgänger
182499.0,2019,9,13,7,Unfall mit Leichtverletzten,5.0,3.0,0.0,1.0,0.0,0.0,0.0,0.0,8.51039748900007,49.44663339800008,,,Einbiegen / Kreuzen-Unfall,"Fahrrad, Pkw",Zusammenstoß mit einbiegendem / kreuzendem Fahrzeug
182085.0,2019,9,12,7,Unfall mit Schwerverletzten,5.0,3.0,0.0,0.0,0.0,1.0,0.0,0.0,8.471618798000065,49.49269666700008,,,Einbiegen / Kreuzen-Unfall,"Fahrrad, Kraftrad",Zusammenstoß mit einbiegendem / kreuzendem Fahrzeug
182289.0,2019,9,17,6,Unfall mit Leichtverletzten,6.0,7.0,0.0,0.0,1.0,0.0,0.0,0.0,8.471255649000057,49.51091070600006,,,sonstiger Unfall,"Fahrrad, Fußgänger",Zusammenstoß zwischen Fahrzeug und Fußgänger
182532.0,2019,9,11,6,Unfall mit Leichtverletzten,5.0,3.0,0.0,1.0,0.0,0.0,0.0,0.0,8.467867278000028,49.49103857400007,,,Einbiegen / Kreuzen-Unfall,"Fahrrad, Pkw",Zusammenstoß mit einbiegendem / kreuzendem Fahrzeug
35507.0,2019,9,22,5,Unfall mit Leichtverletzten,3.0,2.0,2.0,1.0,0.0,0.0,0.0,0.0,8.461584724000033,49.50440755500006,,,Abbiegeunfall,"Fahrrad, Pkw",Zusammenstoß mit seitlich in gleicher Richtung fahrendem Fahrzeug
35301.0,2019,9,8,5,Unfall mit Leichtverletzten,5.0,2.0,0.0,1.0,0.0,0.0,0.0,0.0,8.487080888000037,49.49634034800005,,,Abbiegeunfall,"Fahrrad, Pkw",Zusammenstoß mit einbiegendem / kreuzendem Fahrzeug
181415.0,2019,9,8,5,Unfall mit Schwerverletzten,3.0,2.0,0.0,1.0,0.0,0.0,0.0,0.0,8.478109476000043,49.48377619400002,,,Abbiegeunfall,"Fahrrad, Pkw",Zusammenstoß mit seitlich in gleicher Richtung fahrendem Fahrzeug
35756.0,2019,9,15,4,Unfall mit Leichtverletzten,5.0,2.0,0.0,1.0,0.0,0.0,0.0,0.0,8.447730214000046,49.55265426600005,,,Abbiegeunfall,"Fahrrad, Pkw",Zusammenstoß mit einbiegendem / kreuzendem Fahrzeug
182612.0,2019,9,12,4,Unfall mit Leichtverletzten,0.0,7.0,0.0,0.0,0.0,0.0,0.0,0.0,8.52391122900002,49.42148803300007,,,sonstiger Unfall,Fahrrad,Unfall anderer Art
181714.0,2019,9,10,4,Unfall mit Leichtverletzten,5.0,3.0,0.0,1.0,0.0,0.0,0.0,0.0,8.47199838900002,49.46946990000004,,,Einbiegen / Kreuzen-Unfall,"Fahrrad, Pkw",Zusammenstoß mit einbiegendem / kreuzendem Fahrzeug
181717.0,2019,9,10,4,Unfall mit Leichtverletzten,0.0,7.0,0.0,1.0,0.0,0.0,0.0,0.0,8.456396751000057,49.48897122900007,,,sonstiger Unfall,"Fahrrad, Pkw",Unfall anderer Art
182394.0,2019,9,9,4,Unfall mit Leichtverletzten,5.0,3.0,0.0,1.0,0.0,0.0,0.0,0.0,8.478510590000042,49.46027770800004,,,Einbiegen / Kreuzen-Unfall,"Fahrrad, Pkw",Zusammenstoß mit einbiegendem / kreuzendem Fahrzeug
35356.0,2019,9,8,4,Unfall mit Leichtverletzten,5.0,5.0,0.0,1.0,0.0,0.0,0.0,0.0,8.470807354000044,49.51109960700006,,,Unfall durch ruhenden Verkehr,"Fahrrad, Pkw",Zusammenstoß mit einbiegendem / kreuzendem Fahrzeug
181529.0,2019,9,20,3,Unfall mit Leichtverletzten,5.0,3.0,1.0,1.0,0.0,0.0,0.0,0.0,8.480989220000026,49.542165754000045,,,Einbiegen / Kreuzen-Unfall,"Fahrrad, Pkw",Zusammenstoß mit einbiegendem / kreuzendem Fahrzeug
181940.0,2019,9,17,3,Unfall mit Leichtverletzten,5.0,5.0,0.0,0.0,0.0,0.0,0.0,1.0,8.478028743000039,49.49946533500008,,,Unfall durch ruhenden Verkehr,"Fahrrad, Tram/Bus (bis 2017 auch LKW)",Zusammenstoß mit einbiegendem / kreuzendem Fahrzeug
181943.0,2019,9,16,3,Unfall mit Leichtverletzten,3.0,2.0,0.0,0.0,0.0,0.0,0.0,1.0,8.46927553100005,49.49358201100006,,,Abbiegeunfall,"Fahrrad, Tram/Bus (bis 2017 auch LKW)",Zusammenstoß mit seitlich in gleicher Richtung fahrendem Fahrzeug
181773.0,2019,9,15,3,Unfall mit Leichtverletzten,1.0,5.0,0.0,1.0,0.0,0.0,0.0,0.0,8.512089809000031,49.52290049300007,,,Unfall durch ruhenden Verkehr,"Fahrrad, Pkw",Zusammenstoß mit anfahrendem/ anhaltendem/ ruhendem Fahrzeug
182651.0,2019,9,15,3,Unfall mit Leichtverletzten,6.0,4.0,0.0,0.0,1.0,0.0,0.0,0.0,8.514729854000052,49.514558970000046,,,Überschreiten-Unfall,"Fahrrad, Fußgänger",Zusammenstoß zwischen Fahrzeug und Fußgänger
181772.0,2019,9,13,3,Unfall mit Leichtverletzten,5.0,3.0,0.0,1.0,0.0,0.0,0.0,0.0,8.473443466000049,49.49194506100008,,,Einbiegen / Kreuzen-Unfall,"Fahrrad, Pkw",Zusammenstoß mit einbiegendem / kreuzendem Fahrzeug
182650.0,2019,9,9,3,Unfall mit Leichtverletzten,5.0,3.0,0.0,1.0,0.0,0.0,0.0,0.0,8.506953424000073,49.46488211100007,,,Einbiegen / Kreuzen-Unfall,"Fahrrad, Pkw",Zusammenstoß mit einbiegendem / kreuzendem Fahrzeug
181813.0,2019,9,17,2,Unfall mit Leichtverletzten,5.0,3.0,0.0,1.0,0.0,0.0,0.0,0.0,8.494258866000052,49.507766452000055,,,Einbiegen / Kreuzen-Unfall,"Fahrrad, Pkw",Zusammenstoß mit einbiegendem / kreuzendem Fahrzeug
182421.0,2019,9,11,2,Unfall mit Leichtverletzten,3.0,6.0,0.0,1.0,0.0,0.0,0.0,0.0,8.520668514000022,49.44722857600004,,,Unfall im Längsverkehr,"Fahrrad, Pkw",Zusammenstoß mit seitlich in gleicher Richtung fahrendem Fahrzeug
182194.0,2019,9,0,1,Unfall mit Leichtverletzten,0.0,7.0,2.0,0.0,0.0,0.0,0.0,0.0,8.474401071000045,49.48097272800004,,,sonstiger Unfall,Fahrrad,Unfall anderer Art
181649.0,2019,8,20,7,Unfall mit Leichtverletzten,5.0,3.0,1.0,0.0,0.0,0.0,0.0,0.0,8.470245379000062,49.49331199100004,,,Einbiegen / Kreuzen-Unfall,Fahrrad,Zusammenstoß mit einbiegendem / kreuzendem Fahrzeug
181648.0,2019,8,19,7,Unfall mit Leichtverletzten,0.0,7.0,0.0,0.0,0.0,0.0,0.0,0.0,8.467281015000026,49.47904856500002,,,sonstiger Unfall,Fahrrad,Unfall anderer Art
34580.0,2019,8,16,7,Unfall mit Schwerverletzten,5.0,2.0,0.0,1.0,0.0,0.0,0.0,0.0,8.484786738000025,49.49427633900007,,,Abbiegeunfall,"Fahrrad, Pkw",Zusammenstoß mit einbiegendem / kreuzendem Fahrzeug
180823.0,2019,8,16,7,Unfall mit Leichtverletzten,0.0,7.0,0.0,0.0,1.0,0.0,0.0,0.0,8.467168277000042,49.552374600000064,,,sonstiger Unfall,"Fahrrad, Fußgänger",Unfall anderer Art
181125.0,2019,8,17,6,Unfall mit Leichtverletzten,1.0,5.0,0.0,1.0,0.0,0.0,0.0,0.0,8.47138813500004,49.464675259000046,,,Unfall durch ruhenden Verkehr,"Fahrrad, Pkw",Zusammenstoß mit anfahrendem/ anhaltendem/ ruhendem Fahrzeug
34854.0,2019,8,13,6,Unfall mit Leichtverletzten,5.0,3.0,0.0,1.0,0.0,0.0,0.0,0.0,8.493671358000029,49.50085405000005,,,Einbiegen / Kreuzen-Unfall,"Fahrrad, Pkw",Zusammenstoß mit einbiegendem / kreuzendem Fahrzeug
181183.0,2019,8,12,6,Unfall mit Leichtverletzten,4.0,6.0,0.0,0.0,0.0,0.0,0.0,0.0,8.511667103000036,49.47763143900005,,,Unfall im Längsverkehr,Fahrrad,Zusammenstoß mit entgegenkommendem Fahrzeug
181185.0,2019,8,11,6,Unfall mit Leichtverletzten,0.0,7.0,0.0,0.0,0.0,0.0,0.0,0.0,8.476014706000058,49.496927351000075,,,sonstiger Unfall,Fahrrad,Unfall anderer Art
33672.0,2019,8,18,5,Unfall mit Leichtverletzten,5.0,3.0,0.0,0.0,0.0,0.0,0.0,0.0,8.495601375000035,49.50188293300005,,,Einbiegen / Kreuzen-Unfall,Fahrrad,Zusammenstoß mit einbiegendem / kreuzendem Fahrzeug
181228.0,2019,8,18,5,Unfall mit Leichtverletzten,1.0,7.0,0.0,1.0,0.0,0.0,0.0,0.0,8.472210870000026,49.48038759800005,,,sonstiger Unfall,"Fahrrad, Pkw",Zusammenstoß mit anfahrendem/ anhaltendem/ ruhendem Fahrzeug
180376.0,2019,8,16,5,Unfall mit Schwerverletzten,5.0,3.0,0.0,1.0,0.0,0.0,0.0,0.0,8.466054351000025,49.546449144000064,,,Einbiegen / Kreuzen-Unfall,"Fahrrad, Pkw",Zusammenstoß mit einbiegendem / kreuzendem Fahrzeug
180618.0,2019,8,15,5,Unfall mit Leichtverletzten,5.0,3.0,0.0,1.0,0.0,0.0,0.0,0.0,8.506706818000055,49.50951870400007,,,Einbiegen / Kreuzen-Unfall,"Fahrrad, Pkw",Zusammenstoß mit einbiegendem / kreuzendem Fahrzeug
180934.0,2019,8,15,5,Unfall mit Leichtverletzten,5.0,5.0,0.0,1.0,0.0,0.0,0.0,0.0,8.469918454000037,49.48931203600006,,,Unfall durch ruhenden Verkehr,"Fahrrad, Pkw",Zusammenstoß mit einbiegendem / kreuzendem Fahrzeug
181226.0,2019,8,10,5,Unfall mit Leichtverletzten,6.0,7.0,0.0,1.0,1.0,0.0,0.0,0.0,8.467431696000062,49.46689290900008,,,sonstiger Unfall,"Fahrrad, Pkw, Fußgänger",Zusammenstoß zwischen Fahrzeug und Fußgänger
180971.0,2019,8,12,4,Unfall mit Schwerverletzten,5.0,3.0,0.0,1.0,0.0,0.0,0.0,0.0,8.462455056000067,49.50056868400002,,,Einbiegen / Kreuzen-Unfall,"Fahrrad, Pkw",Zusammenstoß mit einbiegendem / kreuzendem Fahrzeug
180422.0,2019,8,8,4,Unfall mit Leichtverletzten,5.0,3.0,0.0,1.0,0.0,0.0,0.0,0.0,8.559165883000048,49.45928067600005,,,Einbiegen / Kreuzen-Unfall,"Fahrrad, Pkw",Zusammenstoß mit einbiegendem / kreuzendem Fahrzeug
180424.0,2019,8,5,4,Unfall mit Schwerverletzten,2.0,6.0,2.0,0.0,0.0,0.0,1.0,0.0,8.523731165000072,49.43297854300005,,,Unfall im Längsverkehr,"Fahrrad, LKW",Zusammenstoß mit vorausfahrendem / wartendem Fahrzeug
180464.0,2019,8,21,3,Unfall mit Schwerverletzten,0.0,1.0,2.0,0.0,0.0,0.0,0.0,0.0,8.47155092600002,49.49344414300003,,,Fahrunfall,Fahrrad,Unfall anderer Art
180708.0,2019,8,19,3,Unfall mit Leichtverletzten,0.0,7.0,0.0,1.0,0.0,0.0,0.0,0.0,8.481061258000068,49.47544333500008,,,sonstiger Unfall,"Fahrrad, Pkw",Unfall anderer Art
181288.0,2019,8,19,3,Unfall mit Leichtverletzten,5.0,3.0,0.0,1.0,0.0,0.0,0.0,0.0,8.497302310000066,49.45048560200007,,,Einbiegen / Kreuzen-Unfall,"Fahrrad, Pkw",Zusammenstoß mit einbiegendem / kreuzendem Fahrzeug
181290.0,2019,8,11,3,Unfall mit Leichtverletzten,5.0,3.0,0.0,0.0,0.0,0.0,0.0,0.0,8.506980032000058,49.505354229000034,,,Einbiegen / Kreuzen-Unfall,Fahrrad,Zusammenstoß mit einbiegendem / kreuzendem Fahrzeug
181067.0,2019,8,11,1,Unfall mit Leichtverletzten,3.0,2.0,0.0,1.0,0.0,0.0,0.0,0.0,8.500733880000041,49.514823470000074,,,Abbiegeunfall,"Fahrrad, Pkw",Zusammenstoß mit seitlich in gleicher Richtung fahrendem Fahrzeug
179697.0,2019,7,19,7,Unfall mit Schwerverletzten,0.0,7.0,0.0,0.0,0.0,0.0,0.0,0.0,8.478083751000042,49.460156952000034,,,sonstiger Unfall,Fahrrad,Unfall anderer Art
179699.0,2019,7,14,7,Unfall mit Leichtverletzten,5.0,3.0,0.0,0.0,0.0,0.0,0.0,1.0,8.478994193000062,49.45982216600004,,,Einbiegen / Kreuzen-Unfall,"Fahrrad, Tram/Bus (bis 2017 auch LKW)",Zusammenstoß mit einbiegendem / kreuzendem Fahrzeug
179698.0,2019,7,11,7,Unfall mit Leichtverletzten,5.0,3.0,0.0,1.0,0.0,0.0,0.0,0.0,8.535966358000053,49.420137715000074,,,Einbiegen / Kreuzen-Unfall,"Fahrrad, Pkw",Zusammenstoß mit einbiegendem / kreuzendem Fahrzeug
180350.0,2019,7,0,7,Unfall mit Leichtverletzten,0.0,1.0,2.0,0.0,0.0,0.0,0.0,0.0,8.48818624100005,49.50033643100005,,,Fahrunfall,Fahrrad,Unfall anderer Art
178918.0,2019,7,23,6,Unfall mit Leichtverletzten,4.0,6.0,2.0,0.0,0.0,0.0,0.0,0.0,8.480803571000024,49.50918862700007,,,Unfall im Längsverkehr,Fahrrad,Zusammenstoß mit entgegenkommendem Fahrzeug
179745.0,2019,7,17,6,Unfall mit Leichtverletzten,1.0,3.0,0.0,1.0,0.0,0.0,0.0,0.0,8.46728825100007,49.49020855600003,,,Einbiegen / Kreuzen-Unfall,"Fahrrad, Pkw",Zusammenstoß mit anfahrendem/ anhaltendem/ ruhendem Fahrzeug
179553.0,2019,7,14,6,Unfall mit Leichtverletzten,1.0,5.0,0.0,1.0,0.0,0.0,0.0,0.0,8.464845370000035,49.48876808600005,,,Unfall durch ruhenden Verkehr,"Fahrrad, Pkw",Zusammenstoß mit anfahrendem/ anhaltendem/ ruhendem Fahrzeug
179879.0,2019,7,9,6,Unfall mit Leichtverletzten,5.0,3.0,0.0,1.0,0.0,0.0,0.0,0.0,8.48406207000005,49.46843438800005,,,Einbiegen / Kreuzen-Unfall,"Fahrrad, Pkw",Zusammenstoß mit einbiegendem / kreuzendem Fahrzeug
32554.0,2019,7,0,6,Unfall mit Leichtverletzten,0.0,1.0,2.0,0.0,0.0,0.0,0.0,0.0,8.487075275000052,49.47479359700003,,,Fahrunfall,Fahrrad,Unfall anderer Art
179942.0,2019,7,10,5,Unfall mit Leichtverletzten,1.0,5.0,0.0,1.0,0.0,0.0,0.0,0.0,8.466461872000025,49.486621971000034,,,Unfall durch ruhenden Verkehr,"Fahrrad, Pkw",Zusammenstoß mit anfahrendem/ anhaltendem/ ruhendem Fahrzeug
31480.0,2019,7,19,4,Unfall mit Leichtverletzten,2.0,6.0,0.0,0.0,0.0,0.0,0.0,0.0,8.464265154000032,49.48397770400004,,,Unfall im Längsverkehr,Fahrrad,Zusammenstoß mit vorausfahrendem / wartendem Fahrzeug
31485.0,2019,7,17,4,Unfall mit Leichtverletzten,5.0,3.0,0.0,0.0,0.0,0.0,0.0,1.0,8.475733026000057,49.48626299900008,,,Einbiegen / Kreuzen-Unfall,"Fahrrad, Tram/Bus (bis 2017 auch LKW)",Zusammenstoß mit einbiegendem / kreuzendem Fahrzeug
180013.0,2019,7,17,4,Unfall mit Leichtverletzten,5.0,3.0,0.0,1.0,0.0,0.0,0.0,0.0,8.541309556000044,49.49880293600006,,,Einbiegen / Kreuzen-Unfall,"Fahrrad, Pkw",Zusammenstoß mit einbiegendem / kreuzendem Fahrzeug