OBJECTID,UJAHR,UMONAT,USTUNDE,UWOCHENTAG,UKATEGORIE,UART,UTYP1,ULICHTVERH,IstPKW,IstFuss,IstKrad,IstGkfz,IstSonstige,Longitude,Latitude,Kommentar,Stadtteil,typ,involved,art
174368.0,2019,3,19,4,Unfall mit Leichtverletzten,0.0,1.0,2.0,0.0,0.0,0.0,0.0,0.0,8.446336546000055,49.54668964600006,,,Fahrunfall,Fahrrad,Unfall anderer Art
174470.0,2019,3,19,4,Unfall mit Leichtverletzten,0.0,7.0,2.0,0.0,0.0,0.0,0.0,0.0,8.466113728000039,49.48765350200006,,,sonstiger Unfall,Fahrrad,Unfall anderer Art
25968.0,2019,3,14,4,Unfall mit Schwerverletzten,5.0,6.0,0.0,0.0,0.0,1.0,0.0,0.0,8.481091454000023,49.53872515700005,,,Unfall im Längsverkehr,"Fahrrad, Kraftrad",Zusammenstoß mit einbiegendem / kreuzendem Fahrzeug
174211.0,2019,3,16,3,Unfall mit Leichtverletzten,5.0,5.0,0.0,1.0,0.0,0.0,0.0,0.0,8.449743539000053,49.509917941000026,,,Unfall durch ruhenden Verkehr,"Fahrrad, Pkw",Zusammenstoß mit einbiegendem / kreuzendem Fahrzeug
174771.0,2019,3,16,3,Unfall mit Leichtverletzten,0.0,3.0,0.0,1.0,0.0,0.0,0.0,0.0,8.47627110600007,49.48871565000008,,,Einbiegen / Kreuzen-Unfall,"Fahrrad, Pkw",Unfall anderer Art
174515.0,2019,3,15,3,Unfall mit Leichtverletzten,3.0,5.0,0.0,1.0,0.0,0.0,0.0,0.0,8.470846162000043,49.48485833600006,,,Unfall durch ruhenden Verkehr,"Fahrrad, Pkw",Zusammenstoß mit seitlich in gleicher Richtung fahrendem Fahrzeug
174213.0,2019,3,12,3,Unfall mit Leichtverletzten,0.0,2.0,0.0,1.0,0.0,0.0,0.0,0.0,8.475648350000029,49.46480791800008,,,Abbiegeunfall,"Fahrrad, Pkw",Unfall anderer Art
174247.0,2019,3,16,2,Unfall mit Leichtverletzten,0.0,7.0,0.0,0.0,0.0,0.0,0.0,0.0,8.468209476000027,49.51157576100008,,,sonstiger Unfall,Fahrrad,Unfall anderer Art
175074.0,2019,3,9,1,Unfall mit Leichtverletzten,3.0,6.0,0.0,1.0,0.0,0.0,0.0,0.0,8.528012603000036,49.48737261500003,,,Unfall im Längsverkehr,"Fahrrad, Pkw",Zusammenstoß mit seitlich in gleicher Richtung fahrendem Fahrzeug
173613.0,2019,2,19,6,Unfall mit Leichtverletzten,3.0,5.0,2.0,1.0,0.0,0.0,0.0,0.0,8.470239865000053,49.48703630900008,,,Unfall durch ruhenden Verkehr,"Fahrrad, Pkw",Zusammenstoß mit seitlich in gleicher Richtung fahrendem Fahrzeug
173497.0,2019,2,18,6,Unfall mit Leichtverletzten,5.0,3.0,2.0,1.0,0.0,0.0,0.0,0.0,8.492565949000038,49.47851088400006,,,Einbiegen / Kreuzen-Unfall,"Fahrrad, Pkw",Zusammenstoß mit einbiegendem / kreuzendem Fahrzeug
23032.0,2019,2,7,6,Unfall mit Leichtverletzten,6.0,4.0,2.0,0.0,1.0,0.0,0.0,0.0,8.491351828000063,49.49963769900006,,,Überschreiten-Unfall,"Fahrrad, Fußgänger",Zusammenstoß zwischen Fahrzeug und Fußgänger
173499.0,2019,2,7,6,Unfall mit Schwerverletzten,0.0,7.0,1.0,0.0,0.0,0.0,0.0,0.0,8.52560608400006,49.48785807000007,,,sonstiger Unfall,Fahrrad,Unfall anderer Art
173539.0,2019,2,17,5,Unfall mit Leichtverletzten,3.0,5.0,2.0,1.0,0.0,0.0,0.0,0.0,8.50947166900005,49.517103872000064,,,Unfall durch ruhenden Verkehr,"Fahrrad, Pkw",Zusammenstoß mit seitlich in gleicher Richtung fahrendem Fahrzeug
173861.0,2019,2,15,5,Unfall mit Leichtverletzten,0.0,5.0,0.0,1.0,0.0,0.0,0.0,0.0,8.489663395000036,49.45104572300005,,,Unfall durch ruhenden Verkehr,"Fahrrad, Pkw",Unfall anderer Art
173570.0,2019,2,20,4,Unfall mit Leichtverletzten,0.0,2.0,2.0,1.0,0.0,0.0,0.0,0.0,8.488643514000046,49.49475711600007,,,Abbiegeunfall,"Fahrrad, Pkw",Unfall anderer Art
24505.0,2019,2,4,4,Unfall mit Schwerverletzten,5.0,3.0,2.0,1.0,0.0,0.0,0.0,0.0,8.567611644000067,49.43481369700004,,,Einbiegen / Kreuzen-Unfall,"Fahrrad, Pkw",Zusammenstoß mit einbiegendem / kreuzendem Fahrzeug
173401.0,2019,2,15,3,Unfall mit Leichtverletzten,5.0,3.0,0.0,1.0,0.0,0.0,0.0,0.0,8.492751955000074,49.47629304600008,,,Einbiegen / Kreuzen-Unfall,"Fahrrad, Pkw",Zusammenstoß mit einbiegendem / kreuzendem Fahrzeug
173658.0,2019,2,16,2,Unfall mit Leichtverletzten,5.0,3.0,0.0,1.0,0.0,0.0,0.0,0.0,8.473588712000037,49.49198489400004,,,Einbiegen / Kreuzen-Unfall,"Fahrrad, Pkw",Zusammenstoß mit einbiegendem / kreuzendem Fahrzeug
173435.0,2019,2,14,2,Unfall mit Leichtverletzten,3.0,2.0,0.0,1.0,0.0,0.0,0.0,0.0,8.468774042000064,49.48572865700004,,,Abbiegeunfall,"Fahrrad, Pkw",Zusammenstoß mit seitlich in gleicher Richtung fahrendem Fahrzeug
173437.0,2019,2,14,2,Unfall mit Leichtverletzten,3.0,2.0,0.0,0.0,0.0,0.0,0.0,1.0,8.468765354000027,49.48573203400008,,,Abbiegeunfall,"Fahrrad, Tram/Bus (bis 2017 auch LKW)",Zusammenstoß mit seitlich in gleicher Richtung fahrendem Fahrzeug
173436.0,2019,2,9,2,Unfall mit Leichtverletzten,3.0,6.0,0.0,0.0,0.0,0.0,0.0,0.0,8.466526781000027,49.486596924000025,,,Unfall im Längsverkehr,Fahrrad,Zusammenstoß mit seitlich in gleicher Richtung fahrendem Fahrzeug
23474.0,2019,2,8,2,Unfall mit Leichtverletzten,5.0,3.0,0.0,1.0,0.0,0.0,0.0,0.0,8.485173212000063,49.49397922400004,,,Einbiegen / Kreuzen-Unfall,"Fahrrad, Pkw",Zusammenstoß mit einbiegendem / kreuzendem Fahrzeug
172828.0,2019,1,18,7,Unfall mit Leichtverletzten,0.0,1.0,2.0,0.0,0.0,0.0,0.0,0.0,8.468572083000026,49.474751309000055,,,Fahrunfall,Fahrrad,Unfall anderer Art
172354.0,2019,1,18,6,Unfall mit Leichtverletzten,4.0,2.0,2.0,1.0,0.0,0.0,0.0,0.0,8.516354664000062,49.51362184600004,,,Abbiegeunfall,"Fahrrad, Pkw",Zusammenstoß mit entgegenkommendem Fahrzeug
172715.0,2019,1,16,6,Unfall mit Leichtverletzten,5.0,3.0,1.0,1.0,0.0,0.0,0.0,0.0,8.581818265000038,49.43997562900007,,,Einbiegen / Kreuzen-Unfall,"Fahrrad, Pkw",Zusammenstoß mit einbiegendem / kreuzendem Fahrzeug
172353.0,2019,1,15,6,Unfall mit Leichtverletzten,3.0,6.0,0.0,0.0,0.0,0.0,0.0,0.0,8.48730045800005,49.50415220900004,,,Unfall im Längsverkehr,Fahrrad,Zusammenstoß mit seitlich in gleicher Richtung fahrendem Fahrzeug
21866.0,2019,1,21,5,Unfall mit Leichtverletzten,6.0,4.0,2.0,0.0,1.0,0.0,0.0,0.0,8.487019678000024,49.49626100000006,,,Überschreiten-Unfall,"Fahrrad, Fußgänger",Zusammenstoß zwischen Fahrzeug und Fußgänger
172876.0,2019,1,19,5,Unfall mit Leichtverletzten,0.0,7.0,2.0,0.0,0.0,0.0,0.0,0.0,8.456623224000055,49.49170436600008,,,sonstiger Unfall,Fahrrad,Unfall anderer Art
21865.0,2019,1,17,5,Unfall mit Leichtverletzten,5.0,3.0,2.0,1.0,0.0,0.0,0.0,0.0,8.488198271000044,49.49760413500008,,,Einbiegen / Kreuzen-Unfall,"Fahrrad, Pkw",Zusammenstoß mit einbiegendem / kreuzendem Fahrzeug
172877.0,2019,1,17,5,Unfall mit Schwerverletzten,5.0,3.0,2.0,1.0,0.0,0.0,0.0,0.0,8.480226233000053,49.49921517100007,,,Einbiegen / Kreuzen-Unfall,"Fahrrad, Pkw",Zusammenstoß mit einbiegendem / kreuzendem Fahrzeug
172376.0,2019,1,12,5,Unfall mit Leichtverletzten,5.0,3.0,0.0,1.0,0.0,0.0,0.0,0.0,8.486139559000037,49.52641647100006,,,Einbiegen / Kreuzen-Unfall,"Fahrrad, Pkw",Zusammenstoß mit einbiegendem / kreuzendem Fahrzeug
22344.0,2019,1,6,5,Unfall mit Leichtverletzten,5.0,3.0,2.0,1.0,0.0,0.0,0.0,0.0,8.547032439000077,49.51339989300004,,,Einbiegen / Kreuzen-Unfall,"Fahrrad, Pkw",Zusammenstoß mit einbiegendem / kreuzendem Fahrzeug
22870.0,2019,1,17,4,Unfall mit Leichtverletzten,1.0,5.0,0.0,1.0,0.0,0.0,0.0,0.0,8.474681413000042,49.484657156000026,,,Unfall durch ruhenden Verkehr,"Fahrrad, Pkw",Zusammenstoß mit anfahrendem/ anhaltendem/ ruhendem Fahrzeug
172586.0,2019,1,12,4,Unfall mit Leichtverletzten,5.0,3.0,0.0,1.0,0.0,0.0,0.0,0.0,8.479029384000057,49.482016833000046,,,Einbiegen / Kreuzen-Unfall,"Fahrrad, Pkw",Zusammenstoß mit einbiegendem / kreuzendem Fahrzeug
173277.0,2019,1,19,3,Unfall mit Leichtverletzten,0.0,7.0,2.0,0.0,0.0,0.0,0.0,0.0,8.498729569000034,49.478196282000056,,,sonstiger Unfall,Fahrrad,Unfall anderer Art
172960.0,2019,1,16,2,Unfall mit Leichtverletzten,5.0,3.0,0.0,1.0,0.0,0.0,0.0,0.0,8.481251901000064,49.47962808200003,,,Einbiegen / Kreuzen-Unfall,"Fahrrad, Pkw",Zusammenstoß mit einbiegendem / kreuzendem Fahrzeug
,2018,12,19,6,Unfall mit Leichtverletzten,0.0,4.0,2.0,0.0,1.0,0.0,0.0,,8.465660411000044,49.48693219300003,,,Überschreiten-Unfall,"Fahrrad, Fußgänger",Unfall anderer Art
,2018,12,15,6,Unfall mit Leichtverletzten,5.0,2.0,0.0,1.0,0.0,0.0,0.0,,8.481347864000043,49.481985337000026,,,Abbiegeunfall,"Fahrrad, Pkw",Zusammenstoß mit einbiegendem / kreuzendem Fahrzeug
,2018,12,5,6,Unfall mit Schwerverletzten,0.0,7.0,2.0,0.0,0.0,0.0,0.0,,8.502178865000076,49.46277544600008,,,sonstiger Unfall,Fahrrad,Unfall anderer Art
,2018,12,5,6,Unfall mit Leichtverletzten,5.0,2.0,2.0,1.0,0.0,0.0,0.0,,8.466916901000047,49.48830884300003,,,Abbiegeunfall,"Fahrrad, Pkw",Zusammenstoß mit einbiegendem / kreuzendem Fahrzeug
,2018,12,12,5,Unfall mit Leichtverletzten,5.0,2.0,0.0,1.0,0.0,0.0,0.0,,8.457593150000037,49.54895834500008,,,Abbiegeunfall,"Fahrrad, Pkw",Zusammenstoß mit einbiegendem / kreuzendem Fahrzeug
,2018,12,17,4,Unfall mit Schwerverletzten,5.0,5.0,2.0,1.0,0.0,0.0,0.0,,8.503859853000051,49.50241580300008,,,Unfall durch ruhenden Verkehr,"Fahrrad, Pkw",Zusammenstoß mit einbiegendem / kreuzendem Fahrzeug
,2018,12,16,3,Unfall mit Leichtverletzten,5.0,3.0,0.0,1.0,0.0,0.0,0.0,,8.492252514000029,49.478634191000026,,,Einbiegen / Kreuzen-Unfall,"Fahrrad, Pkw",Zusammenstoß mit einbiegendem / kreuzendem Fahrzeug
,2018,12,10,3,Unfall mit Leichtverletzten,3.0,5.0,0.0,1.0,0.0,0.0,0.0,,8.471198521000076,49.48827126700007,,,Unfall durch ruhenden Verkehr,"Fahrrad, Pkw",Zusammenstoß mit seitlich in gleicher Richtung fahrendem Fahrzeug
,2018,12,7,3,Unfall mit Leichtverletzten,3.0,6.0,2.0,1.0,0.0,0.0,0.0,,8.454750017000038,49.52612669800004,,,Unfall im Längsverkehr,"Fahrrad, Pkw",Zusammenstoß mit seitlich in gleicher Richtung fahrendem Fahrzeug
,2018,12,18,2,Unfall mit Leichtverletzten,6.0,4.0,2.0,0.0,1.0,0.0,0.0,,8.476793518000022,49.50342962900004,,,Überschreiten-Unfall,"Fahrrad, Fußgänger",Zusammenstoß zwischen Fahrzeug und Fußgänger
,2018,12,15,2,Unfall mit Leichtverletzten,1.0,5.0,0.0,1.0,0.0,0.0,0.0,,8.489122853000026,49.456245567000046,,,Unfall durch ruhenden Verkehr,"Fahrrad, Pkw",Zusammenstoß mit anfahrendem/ anhaltendem/ ruhendem Fahrzeug
,2018,12,10,2,Unfall mit Schwerverletzten,0.0,3.0,0.0,1.0,0.0,0.0,0.0,,8.464231450000057,49.48191260200008,,,Einbiegen / Kreuzen-Unfall,"Fahrrad, Pkw",Unfall anderer Art
,2018,11,3,7,Unfall mit Leichtverletzten,5.0,3.0,2.0,1.0,0.0,0.0,0.0,,8.48299667300006,49.48146564300004,,,Einbiegen / Kreuzen-Unfall,"Fahrrad, Pkw",Zusammenstoß mit einbiegendem / kreuzendem Fahrzeug
,2018,11,15,6,Unfall mit Leichtverletzten,6.0,4.0,0.0,0.0,1.0,0.0,0.0,,8.467748106000045,49.49068767600005,,,Überschreiten-Unfall,"Fahrrad, Fußgänger",Zusammenstoß zwischen Fahrzeug und Fußgänger
,2018,11,11,6,Unfall mit Leichtverletzten,1.0,7.0,0.0,1.0,0.0,0.0,0.0,,8.47061848900006,49.490090346000045,,,sonstiger Unfall,"Fahrrad, Pkw",Zusammenstoß mit anfahrendem/ anhaltendem/ ruhendem Fahrzeug
,2018,11,8,6,Unfall mit Schwerverletzten,0.0,7.0,0.0,0.0,0.0,0.0,0.0,,8.473953824000034,49.51802032200004,,,sonstiger Unfall,Fahrrad,Unfall anderer Art
,2018,11,18,5,Unfall mit Schwerverletzten,1.0,5.0,1.0,1.0,0.0,0.0,0.0,,8.460109647000024,49.50582067200003,,,Unfall durch ruhenden Verkehr,"Fahrrad, Pkw",Zusammenstoß mit anfahrendem/ anhaltendem/ ruhendem Fahrzeug
,2018,11,16,5,Unfall mit Leichtverletzten,5.0,3.0,0.0,1.0,0.0,0.0,0.0,,8.514408397000068,49.45034321500003,,,Einbiegen / Kreuzen-Unfall,"Fahrrad, Pkw",Zusammenstoß mit einbiegendem / kreuzendem Fahrzeug
,2018,11,8,5,Unfall mit Leichtverletzten,4.0,6.0,0.0,0.0,0.0,0.0,0.0,,8.487008768000067,49.49648366200007,,,Unfall im Längsverkehr,Fahrrad,Zusammenstoß mit entgegenkommendem Fahrzeug
,2018,11,7,5,Unfall mit Leichtverletzten,6.0,7.0,0.0,0.0,1.0,0.0,0.0,,8.478521974000046,49.48057084100003,,,sonstiger Unfall,"Fahrrad, Fußgänger",Zusammenstoß zwischen Fahrzeug und Fußgänger
,2018,11,22,4,Unfall mit Leichtverletzten,0.0,1.0,2.0,0.0,0.0,0.0,0.0,,8.479425759000037,49.47532078200004,,,Fahrunfall,Fahrrad,Unfall anderer Art
,2018,11,17,4,Unfall mit Leichtverletzten,5.0,3.0,2.0,1.0,0.0,0.0,0.0,,8.487046865000025,49.46318540100003,,,Einbiegen / Kreuzen-Unfall,"Fahrrad, Pkw",Zusammenstoß mit einbiegendem / kreuzendem Fahrzeug
,2018,11,17,4,Unfall mit Leichtverletzten,1.0,5.0,1.0,1.0,0.0,0.0,0.0,,8.497441539000022,49.51822988600002,,,Unfall durch ruhenden Verkehr,"Fahrrad, Pkw",Zusammenstoß mit anfahrendem/ anhaltendem/ ruhendem Fahrzeug
,2018,11,16,4,Unfall mit Leichtverletzten,5.0,3.0,0.0,1.0,0.0,0.0,0.0,,8.483945622000022,49.49803381300006,,,Einbiegen / Kreuzen-Unfall,"Fahrrad, Pkw",Zusammenstoß mit einbiegendem / kreuzendem Fahrzeug
,2018,11,15,3,Unfall mit Leichtverletzten,5.0,3.0,0.0,1.0,0.0,0.0,0.0,,8.519543309000028,49.51615882700003,,,Einbiegen / Kreuzen-Unfall,"Fahrrad, Pkw",Zusammenstoß mit einbiegendem / kreuzendem Fahrzeug
,2018,11,7,3,Unfall mit Leichtverletzten,5.0,3.0,1.0,1.0,0.0,0.0,0.0,,8.463391842000021,49.48962264400007,,,Einbiegen / Kreuzen-Unfall,"Fahrrad, Pkw",Zusammenstoß mit einbiegendem / kreuzendem Fahrzeug
,2018,11,17,2,Unfall mit Leichtverletzten,4.0,6.0,1.0,0.0,0.0,0.0,0.0,,8.464468844000066,49.531656447000046,,,Unfall im Längsverkehr,Fahrrad,Zusammenstoß mit entgegenkommendem Fahrzeug
,2018,11,9,2,Unfall mit Leichtverletzten,5.0,3.0,0.0,1.0,0.0,0.0,0.0,,8.492341507000049,49.500145159000056,,,Einbiegen / Kreuzen-Unfall,"Fahrrad, Pkw",Zusammenstoß mit einbiegendem / kreuzendem Fahrzeug
,2018,11,20,1,Unfall mit Leichtverletzten,5.0,2.0,2.0,1.0,0.0,0.0,0.0,,8.483718532000069,49.49732214400007,,,Abbiegeunfall,"Fahrrad, Pkw",Zusammenstoß mit einbiegendem / kreuzendem Fahrzeug
,2018,10,14,7,Unfall mit Leichtverletzten,5.0,3.0,0.0,1.0,0.0,0.0,0.0,,8.531168266000066,49.44720122300004,,,Einbiegen / Kreuzen-Unfall,"Fahrrad, Pkw",Zusammenstoß mit einbiegendem / kreuzendem Fahrzeug
,2018,10,13,7,Unfall mit Leichtverletzten,5.0,5.0,0.0,1.0,0.0,0.0,0.0,,8.512150456000029,49.48885675900004,,,Unfall durch ruhenden Verkehr,"Fahrrad, Pkw",Zusammenstoß mit einbiegendem / kreuzendem Fahrzeug
,2018,10,12,7,Unfall mit Leichtverletzten,5.0,3.0,0.0,0.0,0.0,0.0,0.0,,8.475660853000022,49.48606105500005,,,Einbiegen / Kreuzen-Unfall,Fahrrad,Zusammenstoß mit einbiegendem / kreuzendem Fahrzeug
,2018,10,0,7,Unfall mit Leichtverletzten,5.0,3.0,2.0,1.0,0.0,0.0,0.0,,8.466849357000058,49.48833472000007,,,Einbiegen / Kreuzen-Unfall,"Fahrrad, Pkw",Zusammenstoß mit einbiegendem / kreuzendem Fahrzeug
,2018,10,22,6,Unfall mit Leichtverletzten,0.0,7.0,2.0,0.0,0.0,0.0,0.0,,8.483498697000073,49.45468798500008,,,sonstiger Unfall,Fahrrad,Unfall anderer Art
,2018,10,17,6,Unfall mit Leichtverletzten,0.0,7.0,0.0,1.0,0.0,0.0,0.0,,8.48698127800003,49.47701447300005,,,sonstiger Unfall,"Fahrrad, Pkw",Unfall anderer Art
,2018,10,16,6,Unfall mit Leichtverletzten,5.0,3.0,0.0,1.0,0.0,0.0,0.0,,8.49333814800002,49.48680272900003,,,Einbiegen / Kreuzen-Unfall,"Fahrrad, Pkw",Zusammenstoß mit einbiegendem / kreuzendem Fahrzeug
,2018,10,16,6,Unfall mit Leichtverletzten,5.0,3.0,0.0,1.0,0.0,0.0,0.0,,8.498922772000071,49.453790655000034,,,Einbiegen / Kreuzen-Unfall,"Fahrrad, Pkw",Zusammenstoß mit einbiegendem / kreuzendem Fahrzeug
,2018,10,15,6,Unfall mit Leichtverletzten,5.0,3.0,0.0,1.0,0.0,0.0,0.0,,8.500180209000064,49.524484063000045,,,Einbiegen / Kreuzen-Unfall,"Fahrrad, Pkw",Zusammenstoß mit einbiegendem / kreuzendem Fahrzeug
,2018,10,15,6,Unfall mit Leichtverletzten,0.0,3.0,0.0,1.0,0.0,0.0,0.0,,8.465175137000074,49.50706841900006,,,Einbiegen / Kreuzen-Unfall,"Fahrrad, Pkw",Unfall anderer Art
,2018,10,12,6,Unfall mit Leichtverletzten,0.0,7.0,0.0,0.0,0.0,0.0,0.0,,8.475315497000054,49.498597397000026,,,sonstiger Unfall,Fahrrad,Unfall anderer Art
,2018,10,11,6,Unfall mit Leichtverletzten,1.0,7.0,0.0,1.0,0.0,0.0,0.0,,8.577301722000072,49.43979682400004,,,sonstiger Unfall,"Fahrrad, Pkw",Zusammenstoß mit anfahrendem/ anhaltendem/ ruhendem Fahrzeug
,2018,10,13,5,Unfall mit Schwerverletzten,1.0,3.0,0.0,1.0,0.0,0.0,0.0,,8.482799427000032,49.51322679000003,,,Einbiegen / Kreuzen-Unfall,"Fahrrad, Pkw",Zusammenstoß mit anfahrendem/ anhaltendem/ ruhendem Fahrzeug
,2018,10,11,5,Unfall mit Leichtverletzten,3.0,2.0,0.0,0.0,0.0,0.0,0.0,,8.47460675000002,49.48457888500008,,,Abbiegeunfall,Fahrrad,Zusammenstoß mit seitlich in gleicher Richtung fahrendem Fahrzeug
,2018,10,9,5,Unfall mit Leichtverletzten,1.0,5.0,0.0,1.0,0.0,0.0,0.0,,8.46855370700007,49.49156137700004,,,Unfall durch ruhenden Verkehr,"Fahrrad, Pkw",Zusammenstoß mit anfahrendem/ anhaltendem/ ruhendem Fahrzeug
,2018,10,8,5,Unfall mit Leichtverletzten,5.0,3.0,0.0,1.0,0.0,0.0,0.0,,8.478950398000052,49.46041311900007,,,Einbiegen / Kreuzen-Unfall,"Fahrrad, Pkw",Zusammenstoß mit einbiegendem / kreuzendem Fahrzeug
,2018,10,7,5,Unfall mit Leichtverletzten,3.0,5.0,1.0,1.0,0.0,0.0,0.0,,8.518574295000064,49.514493222000056,,,Unfall durch ruhenden Verkehr,"Fahrrad, Pkw",Zusammenstoß mit seitlich in gleicher Richtung fahrendem Fahrzeug
,2018,10,4,5,Unfall mit Schwerverletzten,5.0,2.0,2.0,1.0,0.0,0.0,0.0,,8.457280809000054,49.519933133000045,,,Abbiegeunfall,"Fahrrad, Pkw",Zusammenstoß mit einbiegendem / kreuzendem Fahrzeug
,2018,10,17,4,Unfall mit Leichtverletzten,5.0,2.0,0.0,1.0,0.0,0.0,0.0,,8.52371865300006,49.43806523200004,,,Abbiegeunfall,"Fahrrad, Pkw",Zusammenstoß mit einbiegendem / kreuzendem Fahrzeug
,2018,10,17,4,Unfall mit Leichtverletzten,4.0,6.0,2.0,1.0,0.0,0.0,0.0,,8.47788123500004,49.48654318300004,,,Unfall im Längsverkehr,"Fahrrad, Pkw",Zusammenstoß mit entgegenkommendem Fahrzeug
,2018,10,16,4,Unfall mit Leichtverletzten,0.0,1.0,0.0,0.0,0.0,0.0,0.0,,8.53150099000004,49.48794804600004,,,Fahrunfall,Fahrrad,Unfall anderer Art
,2018,10,16,4,Unfall mit Leichtverletzten,0.0,7.0,0.0,1.0,0.0,0.0,0.0,,8.530871521000051,49.486675236000046,,,sonstiger Unfall,"Fahrrad, Pkw",Unfall anderer Art
,2018,10,15,4,Unfall mit Schwerverletzten,5.0,3.0,0.0,1.0,0.0,0.0,0.0,,8.501693853000063,49.49998577900004,,,Einbiegen / Kreuzen-Unfall,"Fahrrad, Pkw",Zusammenstoß mit einbiegendem / kreuzendem Fahrzeug
,2018,10,12,4,Unfall mit Leichtverletzten,5.0,3.0,0.0,1.0,0.0,0.0,0.0,,8.507477351000034,49.51060830100005,,,Einbiegen / Kreuzen-Unfall,"Fahrrad, Pkw",Zusammenstoß mit einbiegendem / kreuzendem Fahrzeug
,2018,10,10,4,Unfall mit Leichtverletzten,0.0,6.0,0.0,0.0,0.0,0.0,0.0,,8.49029706400006,49.45221352800007,,,Unfall im Längsverkehr,Fahrrad,Unfall anderer Art
,2018,10,7,4,Unfall mit Schwerverletzten,5.0,3.0,0.0,1.0,0.0,0.0,0.0,,8.49326921000005,49.52184081600007,,,Einbiegen / Kreuzen-Unfall,"Fahrrad, Pkw",Zusammenstoß mit einbiegendem / kreuzendem Fahrzeug
,2018,10,18,3,Unfall mit Schwerverletzten,5.0,3.0,1.0,1.0,0.0,0.0,0.0,,8.460371197000029,49.49329313000004,,,Einbiegen / Kreuzen-Unfall,"Fahrrad, Pkw",Zusammenstoß mit einbiegendem / kreuzendem Fahrzeug
,2018,10,17,3,Unfall mit Leichtverletzten,1.0,5.0,0.0,1.0,0.0,0.0,0.0,,8.472864704000074,49.48108934200008,,,Unfall durch ruhenden Verkehr,"Fahrrad, Pkw",Zusammenstoß mit anfahrendem/ anhaltendem/ ruhendem Fahrzeug
,2018,10,13,3,Unfall mit Leichtverletzten,0.0,5.0,0.0,1.0,0.0,0.0,0.0,,8.471064900000044,49.50541604000006,,,Unfall durch ruhenden Verkehr,"Fahrrad, Pkw",Unfall anderer Art
,2018,10,8,3,Unfall mit Leichtverletzten,5.0,3.0,0.0,0.0,0.0,0.0,1.0,,8.450560615000029,49.54980377200008,,,Einbiegen / Kreuzen-Unfall,"Fahrrad, LKW",Zusammenstoß mit einbiegendem / kreuzendem Fahrzeug
,2018,10,8,3,Unfall mit Schwerverletzten,0.0,2.0,0.0,0.0,0.0,0.0,0.0,,8.47337271400005,49.51868054100004,,,Abbiegeunfall,Fahrrad,Unfall anderer Art
,2018,10,17,2,Unfall mit Leichtverletzten,1.0,6.0,0.0,1.0,0.0,0.0,0.0,,8.465818135000063,49.49286258100005,,,Unfall im Längsverkehr,"Fahrrad, Pkw",Zusammenstoß mit anfahrendem/ anhaltendem/ ruhendem Fahrzeug
,2018,10,16,2,Unfall mit Schwerverletzten,5.0,3.0,0.0,1.0,0.0,0.0,0.0,,8.493279004000044,49.50498565300006,,,Einbiegen / Kreuzen-Unfall,"Fahrrad, Pkw",Zusammenstoß mit einbiegendem / kreuzendem Fahrzeug
,2018,10,13,2,Unfall mit Leichtverletzten,5.0,3.0,0.0,1.0,0.0,0.0,0.0,,8.492223240000044,49.458707209000075,,,Einbiegen / Kreuzen-Unfall,"Fahrrad, Pkw",Zusammenstoß mit einbiegendem / kreuzendem Fahrzeug
,2018,10,11,2,Unfall mit Leichtverletzten,5.0,2.0,0.0,1.0,0.0,0.0,0.0,,8.470176263000042,49.47041815500006,,,Abbiegeunfall,"Fahrrad, Pkw",Zusammenstoß mit einbiegendem / kreuzendem Fahrzeug
,2018,10,10,2,Unfall mit Leichtverletzten,1.0,5.0,0.0,1.0,0.0,0.0,0.0,,8.533242330000064,49.42590215900003,,,Unfall durch ruhenden Verkehr,"Fahrrad, Pkw",Zusammenstoß mit anfahrendem/ anhaltendem/ ruhendem Fahrzeug
,2018,10,9,2,Unfall mit Leichtverletzten,0.0,7.0,0.0,0.0,0.0,0.0,0.0,,8.493918663000045,49.45583412500008,,,sonstiger Unfall,Fahrrad,Unfall anderer Art
,2018,10,9,2,Unfall mit Leichtverletzten,6.0,7.0,0.0,0.0,1.0,0.0,0.0,,8.50345296200004,49.46868151900002,,,sonstiger Unfall,"Fahrrad, Fußgänger",Zusammenstoß zwischen Fahrzeug und Fußgänger
,2018,10,13,1,Unfall mit Schwerverletzten,4.0,6.0,0.0,0.0,0.0,1.0,0.0,,8.506458289000022,49.508559998000074,,,Unfall im Längsverkehr,"Fahrrad, Kraftrad",Zusammenstoß mit entgegenkommendem Fahrzeug
,2018,10,9,1,Unfall mit Leichtverletzten,0.0,7.0,0.0,0.0,0.0,0.0,0.0,,8.481314970000028,49.45663465800004,,,sonstiger Unfall,Fahrrad,Unfall anderer Art
,2018,9,20,7,Unfall mit Leichtverletzten,5.0,3.0,1.0,0.0,0.0,0.0,0.0,,8.470496576000073,49.50199494800006,,,Einbiegen / Kreuzen-Unfall,Fahrrad,Zusammenstoß mit einbiegendem / kreuzendem Fahrzeug