OBJECTID,UJAHR,UMONAT,USTUNDE,UWOCHENTAG,UKATEGORIE,UART,UTYP1,ULICHTVERH,IstPKW,IstFuss,IstKrad,IstGkfz,IstSonstige,Longitude,Latitude,Kommentar,Stadtteil,typ,involved,art
,2018,9,15,7,Unfall mit Leichtverletzten,5.0,3.0,0.0,1.0,0.0,0.0,0.0,,8.473053720000053,49.47259114500008,,,Einbiegen / Kreuzen-Unfall,"Fahrrad, Pkw",Zusammenstoß mit einbiegendem / kreuzendem Fahrzeug
,2018,9,21,6,Unfall mit Leichtverletzten,0.0,7.0,2.0,0.0,0.0,0.0,0.0,,8.469522113000039,49.49135382400004,,,sonstiger Unfall,Fahrrad,Unfall anderer Art
,2018,9,14,6,Unfall mit Leichtverletzten,5.0,3.0,0.0,1.0,0.0,0.0,0.0,,8.519215627000051,49.49020134800002,,,Einbiegen / Kreuzen-Unfall,"Fahrrad, Pkw",Zusammenstoß mit einbiegendem / kreuzendem Fahrzeug
,2018,9,9,6,Unfall mit Leichtverletzten,5.0,3.0,0.0,1.0,0.0,0.0,0.0,,8.476698300000066,49.46269726500003,,,Einbiegen / Kreuzen-Unfall,"Fahrrad, Pkw",Zusammenstoß mit einbiegendem / kreuzendem Fahrzeug
,2018,9,7,6,Unfall mit Leichtverletzten,4.0,2.0,0.0,1.0,0.0,0.0,0.0,,8.48185677600003,49.49385033300007,,,Abbiegeunfall,"Fahrrad, Pkw",Zusammenstoß mit entgegenkommendem Fahrzeug
,2018,9,7,6,Unfall mit Leichtverletzten,5.0,3.0,1.0,1.0,0.0,0.0,0.0,,8.512053058000049,49.52333313200006,,,Einbiegen / Kreuzen-Unfall,"Fahrrad, Pkw",Zusammenstoß mit einbiegendem / kreuzendem Fahrzeug
,2018,9,21,5,Unfall mit Leichtverletzten,0.0,7.0,2.0,1.0,0.0,0.0,0.0,,8.457178782000028,49.49465849900008,,,sonstiger Unfall,"Fahrrad, Pkw",Unfall anderer Art
,2018,9,7,5,Unfall mit Leichtverletzten,3.0,2.0,0.0,0.0,0.0,0.0,1.0,,8.508943858000066,49.519277999000046,,,Abbiegeunfall,"Fahrrad, LKW",Zusammenstoß mit seitlich in gleicher Richtung fahrendem Fahrzeug
,2018,9,17,4,Unfall mit Leichtverletzten,2.0,5.0,0.0,1.0,0.0,0.0,0.0,,8.484109432000025,49.49860072400002,,,Unfall durch ruhenden Verkehr,"Fahrrad, Pkw",Zusammenstoß mit vorausfahrendem / wartendem Fahrzeug
,2018,9,13,4,Unfall mit Leichtverletzten,3.0,6.0,0.0,1.0,0.0,0.0,0.0,,8.564054632000023,49.46644128200006,,,Unfall im Längsverkehr,"Fahrrad, Pkw",Zusammenstoß mit seitlich in gleicher Richtung fahrendem Fahrzeug
,2018,9,12,4,Unfall mit Schwerverletzten,5.0,2.0,0.0,1.0,0.0,0.0,0.0,,8.508616201000052,49.50380270800008,,,Abbiegeunfall,"Fahrrad, Pkw",Zusammenstoß mit einbiegendem / kreuzendem Fahrzeug
,2018,9,10,4,Unfall mit Leichtverletzten,5.0,3.0,0.0,1.0,0.0,0.0,0.0,,8.49400685300003,49.45580603000008,,,Einbiegen / Kreuzen-Unfall,"Fahrrad, Pkw",Zusammenstoß mit einbiegendem / kreuzendem Fahrzeug
,2018,9,9,4,Unfall mit Leichtverletzten,5.0,2.0,0.0,0.0,0.0,0.0,0.0,,8.512206914000046,49.48547565000007,,,Abbiegeunfall,Fahrrad,Zusammenstoß mit einbiegendem / kreuzendem Fahrzeug
,2018,9,9,4,Unfall mit Leichtverletzten,0.0,7.0,0.0,0.0,0.0,0.0,0.0,,8.472249653000063,49.45769163700004,,,sonstiger Unfall,Fahrrad,Unfall anderer Art
,2018,9,18,3,Unfall mit Leichtverletzten,0.0,6.0,0.0,1.0,0.0,0.0,0.0,,8.466771367000035,49.48650254300002,,,Unfall im Längsverkehr,"Fahrrad, Pkw",Unfall anderer Art
,2018,9,18,3,Unfall mit Leichtverletzten,3.0,6.0,0.0,1.0,0.0,0.0,0.0,,8.473598413000047,49.48574508800005,,,Unfall im Längsverkehr,"Fahrrad, Pkw",Zusammenstoß mit seitlich in gleicher Richtung fahrendem Fahrzeug
,2018,9,16,3,Unfall mit Schwerverletzten,3.0,2.0,0.0,1.0,0.0,0.0,0.0,,8.48834157400006,49.49471739100005,,,Abbiegeunfall,"Fahrrad, Pkw",Zusammenstoß mit seitlich in gleicher Richtung fahrendem Fahrzeug
,2018,9,12,3,Unfall mit Schwerverletzten,5.0,3.0,0.0,1.0,0.0,0.0,0.0,,8.46463508200003,49.48837287100008,,,Einbiegen / Kreuzen-Unfall,"Fahrrad, Pkw",Zusammenstoß mit einbiegendem / kreuzendem Fahrzeug
,2018,9,11,3,Unfall mit Leichtverletzten,5.0,3.0,0.0,1.0,0.0,0.0,0.0,,8.543056530000058,49.500125455000045,,,Einbiegen / Kreuzen-Unfall,"Fahrrad, Pkw",Zusammenstoß mit einbiegendem / kreuzendem Fahrzeug
,2018,9,17,2,Unfall mit Leichtverletzten,6.0,7.0,0.0,0.0,1.0,0.0,0.0,,8.47852079200004,49.460394251000025,,,sonstiger Unfall,"Fahrrad, Fußgänger",Zusammenstoß zwischen Fahrzeug und Fußgänger
,2018,9,16,2,Unfall mit Leichtverletzten,5.0,3.0,0.0,1.0,0.0,0.0,0.0,,8.495868855000026,49.49919170300007,,,Einbiegen / Kreuzen-Unfall,"Fahrrad, Pkw",Zusammenstoß mit einbiegendem / kreuzendem Fahrzeug
,2018,9,7,2,Unfall mit Leichtverletzten,5.0,2.0,0.0,1.0,0.0,0.0,0.0,,8.477780083000027,49.54254598400007,,,Abbiegeunfall,"Fahrrad, Pkw",Zusammenstoß mit einbiegendem / kreuzendem Fahrzeug
,2018,9,22,1,Unfall mit Schwerverletzten,0.0,7.0,2.0,0.0,0.0,0.0,0.0,,8.445485389000055,49.54414169300002,,,sonstiger Unfall,Fahrrad,Unfall anderer Art
,2018,9,20,1,Unfall mit Leichtverletzten,0.0,7.0,2.0,0.0,0.0,0.0,0.0,,8.534505699000022,49.42405829000006,,,sonstiger Unfall,Fahrrad,Unfall anderer Art
,2018,9,10,1,Unfall mit Leichtverletzten,3.0,6.0,0.0,1.0,0.0,0.0,0.0,,8.467129173000046,49.49003473900007,,,Unfall im Längsverkehr,"Fahrrad, Pkw",Zusammenstoß mit seitlich in gleicher Richtung fahrendem Fahrzeug
,2018,8,18,7,Unfall mit Leichtverletzten,3.0,2.0,0.0,1.0,0.0,0.0,0.0,,8.488757926000062,49.49463660400005,,,Abbiegeunfall,"Fahrrad, Pkw",Zusammenstoß mit seitlich in gleicher Richtung fahrendem Fahrzeug
,2018,8,17,7,Unfall mit Leichtverletzten,3.0,2.0,0.0,1.0,0.0,0.0,0.0,,8.469205473000045,49.48211895600008,,,Abbiegeunfall,"Fahrrad, Pkw",Zusammenstoß mit seitlich in gleicher Richtung fahrendem Fahrzeug
,2018,8,12,7,Unfall mit Leichtverletzten,5.0,3.0,0.0,1.0,0.0,0.0,0.0,,8.47588350500007,49.49972694400003,,,Einbiegen / Kreuzen-Unfall,"Fahrrad, Pkw",Zusammenstoß mit einbiegendem / kreuzendem Fahrzeug
,2018,8,16,6,Unfall mit Schwerverletzten,5.0,3.0,0.0,0.0,0.0,0.0,0.0,,8.465324818000056,49.48283122200007,,,Einbiegen / Kreuzen-Unfall,Fahrrad,Zusammenstoß mit einbiegendem / kreuzendem Fahrzeug
,2018,8,16,6,Unfall mit Leichtverletzten,5.0,3.0,0.0,1.0,0.0,0.0,0.0,,8.507463666000035,49.510610800000045,,,Einbiegen / Kreuzen-Unfall,"Fahrrad, Pkw",Zusammenstoß mit einbiegendem / kreuzendem Fahrzeug
,2018,8,12,6,Unfall mit Leichtverletzten,5.0,3.0,0.0,1.0,0.0,0.0,0.0,,8.482653306000032,49.47696404700008,,,Einbiegen / Kreuzen-Unfall,"Fahrrad, Pkw",Zusammenstoß mit einbiegendem / kreuzendem Fahrzeug
,2018,8,8,6,Unfall mit Leichtverletzten,5.0,3.0,0.0,1.0,0.0,0.0,0.0,,8.50897683200003,49.51513413500004,,,Einbiegen / Kreuzen-Unfall,"Fahrrad, Pkw",Zusammenstoß mit einbiegendem / kreuzendem Fahrzeug
,2018,8,22,5,Unfall mit Leichtverletzten,1.0,5.0,2.0,1.0,0.0,0.0,0.0,,8.474464905000048,49.51731882700005,,,Unfall durch ruhenden Verkehr,"Fahrrad, Pkw",Zusammenstoß mit anfahrendem/ anhaltendem/ ruhendem Fahrzeug
,2018,8,21,5,Unfall mit Leichtverletzten,4.0,2.0,2.0,1.0,0.0,0.0,0.0,,8.480946643000038,49.52213098600004,,,Abbiegeunfall,"Fahrrad, Pkw",Zusammenstoß mit entgegenkommendem Fahrzeug
,2018,8,13,5,Unfall mit Leichtverletzten,5.0,3.0,0.0,1.0,0.0,0.0,0.0,,8.48809198400005,49.52903663600006,,,Einbiegen / Kreuzen-Unfall,"Fahrrad, Pkw",Zusammenstoß mit einbiegendem / kreuzendem Fahrzeug
,2018,8,8,5,Unfall mit Leichtverletzten,6.0,7.0,0.0,0.0,1.0,0.0,0.0,,8.492236282000022,49.47506692800005,,,sonstiger Unfall,"Fahrrad, Fußgänger",Zusammenstoß zwischen Fahrzeug und Fußgänger
,2018,8,20,4,Unfall mit Leichtverletzten,5.0,3.0,2.0,1.0,0.0,0.0,0.0,,8.46473680400004,49.49327936100008,,,Einbiegen / Kreuzen-Unfall,"Fahrrad, Pkw",Zusammenstoß mit einbiegendem / kreuzendem Fahrzeug
,2018,8,19,4,Unfall mit Leichtverletzten,5.0,5.0,0.0,1.0,0.0,0.0,0.0,,8.461783282000056,49.504551004000064,,,Unfall durch ruhenden Verkehr,"Fahrrad, Pkw",Zusammenstoß mit einbiegendem / kreuzendem Fahrzeug
,2018,8,16,4,Unfall mit Leichtverletzten,0.0,7.0,0.0,0.0,0.0,0.0,0.0,,8.499093274000074,49.520482893000064,,,sonstiger Unfall,Fahrrad,Unfall anderer Art
,2018,8,9,4,Unfall mit Leichtverletzten,1.0,5.0,0.0,1.0,0.0,0.0,0.0,,8.526516965000042,49.48774209900006,,,Unfall durch ruhenden Verkehr,"Fahrrad, Pkw",Zusammenstoß mit anfahrendem/ anhaltendem/ ruhendem Fahrzeug
,2018,8,18,3,Unfall mit Schwerverletzten,0.0,7.0,0.0,0.0,0.0,0.0,0.0,,8.481507820000047,49.45231438800005,,,sonstiger Unfall,Fahrrad,Unfall anderer Art
,2018,8,17,3,Unfall mit Leichtverletzten,5.0,3.0,0.0,1.0,0.0,0.0,0.0,,8.454594024000073,49.52152127100004,,,Einbiegen / Kreuzen-Unfall,"Fahrrad, Pkw",Zusammenstoß mit einbiegendem / kreuzendem Fahrzeug
,2018,8,16,3,Unfall mit Leichtverletzten,5.0,2.0,0.0,0.0,0.0,0.0,0.0,,8.475043140000025,49.49110537900003,,,Abbiegeunfall,Fahrrad,Zusammenstoß mit einbiegendem / kreuzendem Fahrzeug
,2018,8,12,3,Unfall mit Leichtverletzten,1.0,5.0,0.0,1.0,0.0,0.0,0.0,,8.47020189400007,49.48468648700003,,,Unfall durch ruhenden Verkehr,"Fahrrad, Pkw",Zusammenstoß mit anfahrendem/ anhaltendem/ ruhendem Fahrzeug
,2018,8,10,3,Unfall mit Leichtverletzten,0.0,7.0,0.0,0.0,0.0,0.0,0.0,,8.477930240000035,49.476390911000074,,,sonstiger Unfall,Fahrrad,Unfall anderer Art
,2018,8,9,3,Unfall mit Schwerverletzten,3.0,6.0,0.0,0.0,0.0,0.0,0.0,,8.499868166000056,49.47049716800007,,,Unfall im Längsverkehr,Fahrrad,Zusammenstoß mit seitlich in gleicher Richtung fahrendem Fahrzeug
,2018,8,8,3,Unfall mit Leichtverletzten,0.0,3.0,1.0,1.0,0.0,0.0,0.0,,8.504639507000036,49.518844866000045,,,Einbiegen / Kreuzen-Unfall,"Fahrrad, Pkw",Unfall anderer Art
,2018,8,7,3,Unfall mit Leichtverletzten,1.0,5.0,0.0,1.0,0.0,0.0,0.0,,8.480853361000072,49.47567914200005,,,Unfall durch ruhenden Verkehr,"Fahrrad, Pkw",Zusammenstoß mit anfahrendem/ anhaltendem/ ruhendem Fahrzeug
,2018,8,17,2,Unfall mit Leichtverletzten,3.0,2.0,0.0,1.0,0.0,0.0,0.0,,8.487223456000038,49.47501166300003,,,Abbiegeunfall,"Fahrrad, Pkw",Zusammenstoß mit seitlich in gleicher Richtung fahrendem Fahrzeug
,2018,8,16,2,Unfall mit Leichtverletzten,1.0,5.0,0.0,1.0,0.0,0.0,0.0,,8.505656768000051,49.529781851000045,,,Unfall durch ruhenden Verkehr,"Fahrrad, Pkw",Zusammenstoß mit anfahrendem/ anhaltendem/ ruhendem Fahrzeug
,2018,8,12,2,Unfall mit Leichtverletzten,0.0,1.0,0.0,0.0,0.0,0.0,0.0,,8.483665558000041,49.52427791900004,,,Fahrunfall,Fahrrad,Unfall anderer Art
,2018,8,7,2,Unfall mit Leichtverletzten,4.0,2.0,0.0,1.0,0.0,0.0,0.0,,8.501928386000031,49.45515219400005,,,Abbiegeunfall,"Fahrrad, Pkw",Zusammenstoß mit entgegenkommendem Fahrzeug
,2018,8,5,2,Unfall mit Leichtverletzten,4.0,2.0,1.0,1.0,0.0,0.0,0.0,,8.487629968000022,49.45984180300008,,,Abbiegeunfall,"Fahrrad, Pkw",Zusammenstoß mit entgegenkommendem Fahrzeug
,2018,8,14,1,Unfall mit Leichtverletzten,2.0,3.0,0.0,1.0,0.0,0.0,0.0,,8.487638619000052,49.526670008000046,,,Einbiegen / Kreuzen-Unfall,"Fahrrad, Pkw",Zusammenstoß mit vorausfahrendem / wartendem Fahrzeug
,2018,7,17,7,Unfall mit Leichtverletzten,5.0,3.0,0.0,1.0,0.0,0.0,0.0,,8.464760427000044,49.49113808700008,,,Einbiegen / Kreuzen-Unfall,"Fahrrad, Pkw",Zusammenstoß mit einbiegendem / kreuzendem Fahrzeug
,2018,7,10,7,Unfall mit Leichtverletzten,3.0,6.0,0.0,1.0,0.0,0.0,0.0,,8.47554159200007,49.48581120400007,,,Unfall im Längsverkehr,"Fahrrad, Pkw",Zusammenstoß mit seitlich in gleicher Richtung fahrendem Fahrzeug
,2018,7,3,7,Unfall mit Schwerverletzten,0.0,1.0,2.0,0.0,0.0,0.0,0.0,,8.472979852000037,49.49535819000005,,,Fahrunfall,Fahrrad,Unfall anderer Art
,2018,7,16,6,Unfall mit Leichtverletzten,5.0,3.0,0.0,1.0,0.0,0.0,0.0,,8.531212531000051,49.42843651700008,,,Einbiegen / Kreuzen-Unfall,"Fahrrad, Pkw",Zusammenstoß mit einbiegendem / kreuzendem Fahrzeug
,2018,7,16,6,Unfall mit Leichtverletzten,5.0,3.0,0.0,1.0,0.0,0.0,0.0,,8.478468503000045,49.46026850900006,,,Einbiegen / Kreuzen-Unfall,"Fahrrad, Pkw",Zusammenstoß mit einbiegendem / kreuzendem Fahrzeug
,2018,7,13,6,Unfall mit Leichtverletzten,5.0,2.0,0.0,1.0,0.0,0.0,0.0,,8.475085664000062,49.50405713300007,,,Abbiegeunfall,"Fahrrad, Pkw",Zusammenstoß mit einbiegendem / kreuzendem Fahrzeug
,2018,7,12,6,Unfall mit Leichtverletzten,5.0,5.0,0.0,1.0,0.0,0.0,0.0,,8.487517235000041,49.49588036100005,,,Unfall durch ruhenden Verkehr,"Fahrrad, Pkw",Zusammenstoß mit einbiegendem / kreuzendem Fahrzeug
,2018,7,9,6,Unfall mit Leichtverletzten,3.0,2.0,0.0,1.0,0.0,0.0,0.0,,8.488171803000057,49.50042220200004,,,Abbiegeunfall,"Fahrrad, Pkw",Zusammenstoß mit seitlich in gleicher Richtung fahrendem Fahrzeug
,2018,7,1,6,Unfall mit Leichtverletzten,5.0,3.0,2.0,1.0,0.0,0.0,0.0,,8.463400935000038,49.489696767000055,,,Einbiegen / Kreuzen-Unfall,"Fahrrad, Pkw",Zusammenstoß mit einbiegendem / kreuzendem Fahrzeug
,2018,7,18,5,Unfall mit Leichtverletzten,0.0,7.0,0.0,1.0,0.0,0.0,0.0,,8.51289339400006,49.50811749400003,,,sonstiger Unfall,"Fahrrad, Pkw",Unfall anderer Art
,2018,7,18,5,Unfall mit Leichtverletzten,5.0,1.0,0.0,1.0,0.0,0.0,0.0,,8.471208948000026,49.49076408800005,,,Fahrunfall,"Fahrrad, Pkw",Zusammenstoß mit einbiegendem / kreuzendem Fahrzeug
,2018,7,9,5,Unfall mit Leichtverletzten,8.0,7.0,0.0,0.0,0.0,0.0,0.0,,8.493425010000067,49.44841954100008,,,sonstiger Unfall,Fahrrad,Abkommen von Fahrbahn nach rechts
,2018,7,18,4,Unfall mit Leichtverletzten,5.0,3.0,0.0,0.0,0.0,1.0,0.0,,8.507234350000033,49.50512039700004,,,Einbiegen / Kreuzen-Unfall,"Fahrrad, Kraftrad",Zusammenstoß mit einbiegendem / kreuzendem Fahrzeug
,2018,7,6,4,Unfall mit Schwerverletzten,5.0,2.0,0.0,1.0,0.0,0.0,0.0,,8.498960442000055,49.46029574800008,,,Abbiegeunfall,"Fahrrad, Pkw",Zusammenstoß mit einbiegendem / kreuzendem Fahrzeug
,2018,7,17,3,Unfall mit Leichtverletzten,0.0,7.0,0.0,0.0,0.0,0.0,0.0,,8.498850194000056,49.47911848500007,,,sonstiger Unfall,Fahrrad,Unfall anderer Art
,2018,7,17,3,Unfall mit Schwerverletzten,5.0,3.0,0.0,1.0,0.0,0.0,0.0,,8.553600863000042,49.495813087000045,,,Einbiegen / Kreuzen-Unfall,"Fahrrad, Pkw",Zusammenstoß mit einbiegendem / kreuzendem Fahrzeug
,2018,7,15,3,Unfall mit Leichtverletzten,5.0,3.0,0.0,1.0,0.0,0.0,0.0,,8.481731825000054,49.52580044000007,,,Einbiegen / Kreuzen-Unfall,"Fahrrad, Pkw",Zusammenstoß mit einbiegendem / kreuzendem Fahrzeug
,2018,7,13,3,Unfall mit Schwerverletzten,6.0,6.0,0.0,0.0,1.0,0.0,0.0,,8.489342117000035,49.47886847700005,,,Unfall im Längsverkehr,"Fahrrad, Fußgänger",Zusammenstoß zwischen Fahrzeug und Fußgänger
,2018,7,13,3,Unfall mit Schwerverletzten,4.0,3.0,0.0,1.0,0.0,0.0,0.0,,8.517538241000068,49.442021287000046,,,Einbiegen / Kreuzen-Unfall,"Fahrrad, Pkw",Zusammenstoß mit entgegenkommendem Fahrzeug
,2018,7,11,3,Unfall mit Leichtverletzten,5.0,3.0,0.0,1.0,0.0,0.0,0.0,,8.473053716000038,49.47259116300006,,,Einbiegen / Kreuzen-Unfall,"Fahrrad, Pkw",Zusammenstoß mit einbiegendem / kreuzendem Fahrzeug
,2018,7,10,3,Unfall mit Schwerverletzten,0.0,1.0,0.0,0.0,0.0,0.0,0.0,,8.565075332000049,49.46545372600008,,,Fahrunfall,Fahrrad,Unfall anderer Art
,2018,7,9,3,Unfall mit Leichtverletzten,5.0,3.0,0.0,1.0,0.0,0.0,0.0,,8.467941310000072,49.48362146800008,,,Einbiegen / Kreuzen-Unfall,"Fahrrad, Pkw",Zusammenstoß mit einbiegendem / kreuzendem Fahrzeug
,2018,7,4,3,Unfall mit Leichtverletzten,0.0,1.0,2.0,0.0,0.0,0.0,0.0,,8.491147915000056,49.49967139400008,,,Fahrunfall,Fahrrad,Unfall anderer Art
,2018,7,21,2,Unfall mit Leichtverletzten,0.0,7.0,1.0,0.0,0.0,0.0,0.0,,8.486039591000065,49.47567552900006,,,sonstiger Unfall,Fahrrad,Unfall anderer Art
,2018,7,17,2,Unfall mit Schwerverletzten,5.0,2.0,0.0,1.0,0.0,0.0,0.0,,8.475408264000066,49.48505271300007,,,Abbiegeunfall,"Fahrrad, Pkw",Zusammenstoß mit einbiegendem / kreuzendem Fahrzeug
,2018,7,16,2,Unfall mit Schwerverletzten,5.0,3.0,0.0,1.0,0.0,0.0,0.0,,8.473484299000063,49.51363711400006,,,Einbiegen / Kreuzen-Unfall,"Fahrrad, Pkw",Zusammenstoß mit einbiegendem / kreuzendem Fahrzeug
,2018,7,13,2,Unfall mit Leichtverletzten,5.0,3.0,0.0,1.0,0.0,0.0,0.0,,8.481014739000045,49.53564363500004,,,Einbiegen / Kreuzen-Unfall,"Fahrrad, Pkw",Zusammenstoß mit einbiegendem / kreuzendem Fahrzeug
,2018,7,13,2,Unfall mit Leichtverletzten,3.0,6.0,0.0,1.0,0.0,0.0,0.0,,8.541278719000047,49.49878350300003,,,Unfall im Längsverkehr,"Fahrrad, Pkw",Zusammenstoß mit seitlich in gleicher Richtung fahrendem Fahrzeug
,2018,7,11,2,Unfall mit Leichtverletzten,5.0,3.0,0.0,1.0,0.0,0.0,0.0,,8.468351982000058,49.54790142500008,,,Einbiegen / Kreuzen-Unfall,"Fahrrad, Pkw",Zusammenstoß mit einbiegendem / kreuzendem Fahrzeug
,2018,7,10,2,Unfall mit Leichtverletzten,5.0,5.0,0.0,1.0,0.0,0.0,0.0,,8.466945685000042,49.50833366400008,,,Unfall durch ruhenden Verkehr,"Fahrrad, Pkw",Zusammenstoß mit einbiegendem / kreuzendem Fahrzeug
,2018,7,6,2,Unfall mit Leichtverletzten,0.0,7.0,0.0,0.0,0.0,0.0,0.0,,8.474457180000059,49.51733412500005,,,sonstiger Unfall,Fahrrad,Unfall anderer Art
,2018,7,6,2,Unfall mit Leichtverletzten,0.0,7.0,0.0,0.0,0.0,0.0,0.0,,8.538889852000068,49.49023198300006,,,sonstiger Unfall,Fahrrad,Unfall anderer Art
,2018,7,19,1,Unfall mit Leichtverletzten,5.0,3.0,0.0,1.0,0.0,0.0,0.0,,8.466402606000031,49.49058234800003,,,Einbiegen / Kreuzen-Unfall,"Fahrrad, Pkw",Zusammenstoß mit einbiegendem / kreuzendem Fahrzeug
,2018,7,17,1,Unfall mit Leichtverletzten,5.0,3.0,0.0,1.0,0.0,0.0,0.0,,8.470884092000063,49.50199443100007,,,Einbiegen / Kreuzen-Unfall,"Fahrrad, Pkw",Zusammenstoß mit einbiegendem / kreuzendem Fahrzeug
,2018,7,10,1,Unfall mit Leichtverletzten,0.0,1.0,0.0,0.0,0.0,0.0,0.0,,8.550705867000033,49.50154267100004,,,Fahrunfall,Fahrrad,Unfall anderer Art
,2018,7,9,1,Unfall mit Schwerverletzten,5.0,2.0,0.0,1.0,0.0,0.0,0.0,,8.538615414000049,49.45310112900006,,,Abbiegeunfall,"Fahrrad, Pkw",Zusammenstoß mit einbiegendem / kreuzendem Fahrzeug
,2018,7,0,1,Unfall mit Leichtverletzten,5.0,2.0,2.0,1.0,0.0,0.0,0.0,,8.473979455000062,49.483609581000046,,,Abbiegeunfall,"Fahrrad, Pkw",Zusammenstoß mit einbiegendem / kreuzendem Fahrzeug
,2018,6,18,7,Unfall mit Leichtverletzten,5.0,3.0,0.0,1.0,0.0,0.0,0.0,,8.476697865000062,49.462697168000034,,,Einbiegen / Kreuzen-Unfall,"Fahrrad, Pkw",Zusammenstoß mit einbiegendem / kreuzendem Fahrzeug
,2018,6,14,7,Unfall mit Leichtverletzten,0.0,7.0,0.0,1.0,0.0,0.0,0.0,,8.468630741000027,49.49164673500008,,,sonstiger Unfall,"Fahrrad, Pkw",Unfall anderer Art
,2018,6,10,7,Unfall mit Leichtverletzten,8.0,1.0,0.0,0.0,0.0,0.0,0.0,,8.466661635000037,49.48840783800006,,,Fahrunfall,Fahrrad,Abkommen von Fahrbahn nach rechts
,2018,6,9,7,Unfall mit Leichtverletzten,3.0,6.0,0.0,1.0,0.0,0.0,0.0,,8.468097156000056,49.49105549000007,,,Unfall im Längsverkehr,"Fahrrad, Pkw",Zusammenstoß mit seitlich in gleicher Richtung fahrendem Fahrzeug
,2018,6,17,6,Unfall mit Leichtverletzten,5.0,3.0,0.0,0.0,0.0,0.0,0.0,,8.46544220100003,49.488200421000045,,,Einbiegen / Kreuzen-Unfall,Fahrrad,Zusammenstoß mit einbiegendem / kreuzendem Fahrzeug
,2018,6,17,6,Unfall mit Leichtverletzten,0.0,3.0,0.0,0.0,0.0,1.0,0.0,,8.469848126000045,49.50439270700008,,,Einbiegen / Kreuzen-Unfall,"Fahrrad, Kraftrad",Unfall anderer Art
,2018,6,16,6,Unfall mit Leichtverletzten,5.0,2.0,0.0,1.0,0.0,0.0,0.0,,8.46996828500005,49.51291884900007,,,Abbiegeunfall,"Fahrrad, Pkw",Zusammenstoß mit einbiegendem / kreuzendem Fahrzeug
,2018,6,13,6,Unfall mit Leichtverletzten,1.0,5.0,0.0,1.0,0.0,0.0,0.0,,8.508414607000077,49.50396648000003,,,Unfall durch ruhenden Verkehr,"Fahrrad, Pkw",Zusammenstoß mit anfahrendem/ anhaltendem/ ruhendem Fahrzeug
,2018,6,13,6,Unfall mit Leichtverletzten,5.0,2.0,0.0,1.0,0.0,0.0,0.0,,8.483813099000031,49.497241690000074,,,Abbiegeunfall,"Fahrrad, Pkw",Zusammenstoß mit einbiegendem / kreuzendem Fahrzeug
,2018,6,10,6,Unfall mit Leichtverletzten,5.0,3.0,0.0,1.0,0.0,0.0,0.0,,8.478538571000058,49.46028382500003,,,Einbiegen / Kreuzen-Unfall,"Fahrrad, Pkw",Zusammenstoß mit einbiegendem / kreuzendem Fahrzeug
,2018,6,5,6,Unfall mit Leichtverletzten,0.0,6.0,0.0,0.0,0.0,0.0,0.0,,8.514780857000062,49.43992475600004,,,Unfall im Längsverkehr,Fahrrad,Unfall anderer Art
,2018,6,16,5,Unfall mit Leichtverletzten,0.0,7.0,0.0,0.0,0.0,0.0,0.0,,8.479285520000076,49.50883372800007,,,sonstiger Unfall,Fahrrad,Unfall anderer Art
,2018,6,16,5,Unfall mit Schwerverletzten,0.0,3.0,0.0,1.0,0.0,0.0,0.0,,8.50943907900006,49.42579641000003,,,Einbiegen / Kreuzen-Unfall,"Fahrrad, Pkw",Unfall anderer Art
,2018,6,16,5,Unfall mit Leichtverletzten,6.0,4.0,0.0,0.0,1.0,0.0,0.0,,8.473205686000028,49.485896636000064,,,Überschreiten-Unfall,"Fahrrad, Fußgänger",Zusammenstoß zwischen Fahrzeug und Fußgänger
,2018,6,7,5,Unfall mit Leichtverletzten,5.0,2.0,0.0,1.0,0.0,0.0,0.0,,8.486692720000065,49.46526256900006,,,Abbiegeunfall,"Fahrrad, Pkw",Zusammenstoß mit einbiegendem / kreuzendem Fahrzeug
,2018,6,19,4,Unfall mit Leichtverletzten,1.0,5.0,0.0,1.0,0.0,0.0,0.0,,8.508364286000074,49.482181942000075,,,Unfall durch ruhenden Verkehr,"Fahrrad, Pkw",Zusammenstoß mit anfahrendem/ anhaltendem/ ruhendem Fahrzeug
,2018,6,18,4,Unfall mit Leichtverletzten,5.0,3.0,0.0,0.0,0.0,1.0,0.0,,8.471764714000074,49.49289156100008,,,Einbiegen / Kreuzen-Unfall,"Fahrrad, Kraftrad",Zusammenstoß mit einbiegendem / kreuzendem Fahrzeug
,2018,6,16,4,Unfall mit Leichtverletzten,1.0,5.0,0.0,1.0,0.0,0.0,0.0,,8.483408628000063,49.47771211400004,,,Unfall durch ruhenden Verkehr,"Fahrrad, Pkw",Zusammenstoß mit anfahrendem/ anhaltendem/ ruhendem Fahrzeug
,2018,6,15,4,Unfall mit Leichtverletzten,5.0,3.0,0.0,1.0,0.0,0.0,0.0,,8.487611123000022,49.45994923300003,,,Einbiegen / Kreuzen-Unfall,"Fahrrad, Pkw",Zusammenstoß mit einbiegendem / kreuzendem Fahrzeug
,2018,6,15,4,Unfall mit Leichtverletzten,5.0,2.0,0.0,1.0,0.0,0.0,0.0,,8.487472049000075,49.45990536700003,,,Abbiegeunfall,"Fahrrad, Pkw",Zusammenstoß mit einbiegendem / kreuzendem Fahrzeug