OBJECTID,UJAHR,UMONAT,USTUNDE,UWOCHENTAG,UKATEGORIE,UART,UTYP1,ULICHTVERH,IstPKW,IstFuss,IstKrad,IstGkfz,IstSonstige,Longitude,Latitude,Kommentar,Stadtteil,typ,involved,art
148672.0,2017,4,12,3,Unfall mit Leichtverletzten,5.0,3.0,,1.0,0.0,0.0,,,8.473874843000033,49.54257126500005,,,Einbiegen / Kreuzen-Unfall,"Fahrrad, Pkw",Zusammenstoß mit einbiegendem / kreuzendem Fahrzeug
44767.0,2017,4,12,2,Unfall mit Leichtverletzten,5.0,3.0,,1.0,0.0,0.0,,,8.461626970000054,49.49481522500008,,,Einbiegen / Kreuzen-Unfall,"Fahrrad, Pkw",Zusammenstoß mit einbiegendem / kreuzendem Fahrzeug
149081.0,2017,4,7,2,Unfall mit Leichtverletzten,5.0,2.0,,1.0,0.0,0.0,,,8.505371785000023,49.52225117000006,,,Abbiegeunfall,"Fahrrad, Pkw",Zusammenstoß mit einbiegendem / kreuzendem Fahrzeug
148938.0,2017,4,6,2,Unfall mit Schwerverletzten,5.0,3.0,,0.0,0.0,0.0,,,8.510241762000021,49.52789792100003,,,Einbiegen / Kreuzen-Unfall,Fahrrad,Zusammenstoß mit einbiegendem / kreuzendem Fahrzeug
148241.0,2017,4,13,1,Unfall mit Leichtverletzten,1.0,5.0,,1.0,0.0,0.0,,,8.472404980000022,49.48620561000007,,,Unfall durch ruhenden Verkehr,"Fahrrad, Pkw",Zusammenstoß mit anfahrendem/ anhaltendem/ ruhendem Fahrzeug
149397.0,2017,4,12,1,Unfall mit Leichtverletzten,0.0,5.0,,1.0,0.0,0.0,,,8.487902159000043,49.50258362200003,,,Unfall durch ruhenden Verkehr,"Fahrrad, Pkw",Unfall anderer Art
148981.0,2017,4,11,1,Unfall mit Leichtverletzten,5.0,3.0,,1.0,0.0,0.0,,,8.48771070600003,49.52674421900008,,,Einbiegen / Kreuzen-Unfall,"Fahrrad, Pkw",Zusammenstoß mit einbiegendem / kreuzendem Fahrzeug
148069.0,2017,3,14,7,Unfall mit Leichtverletzten,4.0,6.0,,0.0,0.0,0.0,,,8.471450000000061,49.49355212100005,,,Unfall im Längsverkehr,Fahrrad,Zusammenstoß mit entgegenkommendem Fahrzeug
147757.0,2017,3,0,7,Unfall mit Leichtverletzten,5.0,3.0,,1.0,0.0,0.0,,,8.467157332000056,49.48635360600008,,,Einbiegen / Kreuzen-Unfall,"Fahrrad, Pkw",Zusammenstoß mit einbiegendem / kreuzendem Fahrzeug
147789.0,2017,3,14,6,Unfall mit Leichtverletzten,6.0,4.0,,0.0,1.0,0.0,,,8.468442826000057,49.48090247700002,,,Überschreiten-Unfall,"Fahrrad, Fußgänger",Zusammenstoß zwischen Fahrzeug und Fußgänger
44021.0,2017,3,12,6,Unfall mit Leichtverletzten,5.0,3.0,,1.0,0.0,0.0,,,8.488948424000057,49.46278982500007,,,Einbiegen / Kreuzen-Unfall,"Fahrrad, Pkw",Zusammenstoß mit einbiegendem / kreuzendem Fahrzeug
147560.0,2017,3,12,6,Unfall mit Leichtverletzten,1.0,7.0,,0.0,0.0,0.0,,,8.466599646000077,49.49312356300004,,,sonstiger Unfall,Fahrrad,Zusammenstoß mit anfahrendem/ anhaltendem/ ruhendem Fahrzeug
147561.0,2017,3,11,6,Unfall mit Leichtverletzten,5.0,3.0,,1.0,0.0,0.0,,,8.559630120000065,49.46450061500008,,,Einbiegen / Kreuzen-Unfall,"Fahrrad, Pkw",Zusammenstoß mit einbiegendem / kreuzendem Fahrzeug
148101.0,2017,3,10,6,Unfall mit Leichtverletzten,4.0,3.0,,0.0,0.0,0.0,,,8.474625593000042,49.49622831100004,,,Einbiegen / Kreuzen-Unfall,Fahrrad,Zusammenstoß mit entgegenkommendem Fahrzeug
147231.0,2017,3,16,5,Unfall mit Schwerverletzten,0.0,1.0,,0.0,0.0,0.0,,,8.479562660000056,49.48026631300007,,,Fahrunfall,Fahrrad,Unfall anderer Art
148386.0,2017,3,16,5,Unfall mit Leichtverletzten,5.0,3.0,,1.0,0.0,0.0,,,8.519181419000063,49.49019773100008,,,Einbiegen / Kreuzen-Unfall,"Fahrrad, Pkw",Zusammenstoß mit einbiegendem / kreuzendem Fahrzeug
148143.0,2017,3,15,5,Unfall mit Leichtverletzten,0.0,2.0,,0.0,0.0,0.0,,,8.477791110000055,49.47655015400005,,,Abbiegeunfall,Fahrrad,Unfall anderer Art
148385.0,2017,3,12,5,Unfall mit Leichtverletzten,0.0,1.0,,1.0,0.0,0.0,,,8.483021622000024,49.48132766300006,,,Fahrunfall,"Fahrrad, Pkw",Unfall anderer Art
147826.0,2017,3,10,5,Unfall mit Schwerverletzten,5.0,3.0,,1.0,0.0,0.0,,,8.484958393000056,49.52386732700006,,,Einbiegen / Kreuzen-Unfall,"Fahrrad, Pkw",Zusammenstoß mit einbiegendem / kreuzendem Fahrzeug
43454.0,2017,3,18,3,Unfall mit Leichtverletzten,6.0,4.0,,0.0,1.0,0.0,,,8.51454558000006,49.47762979700008,,,Überschreiten-Unfall,"Fahrrad, Fußgänger",Zusammenstoß zwischen Fahrzeug und Fußgänger
147903.0,2017,3,17,3,Unfall mit Schwerverletzten,5.0,2.0,,1.0,0.0,0.0,,,8.475802565000038,49.47352063900007,,,Abbiegeunfall,"Fahrrad, Pkw",Zusammenstoß mit einbiegendem / kreuzendem Fahrzeug
148193.0,2017,3,16,3,Unfall mit Leichtverletzten,5.0,3.0,,0.0,0.0,0.0,,,8.478701078000029,49.489884354000026,,,Einbiegen / Kreuzen-Unfall,Fahrrad,Zusammenstoß mit einbiegendem / kreuzendem Fahrzeug
43677.0,2017,3,9,3,Unfall mit Leichtverletzten,3.0,2.0,,0.0,0.0,0.0,,,8.466305300000045,49.48307813900004,,,Abbiegeunfall,Fahrrad,Zusammenstoß mit seitlich in gleicher Richtung fahrendem Fahrzeug
148192.0,2017,3,6,3,Unfall mit Leichtverletzten,5.0,3.0,,0.0,0.0,0.0,,,8.511800108000045,49.52329451000002,,,Einbiegen / Kreuzen-Unfall,Fahrrad,Zusammenstoß mit einbiegendem / kreuzendem Fahrzeug
147456.0,2017,3,18,2,Unfall mit Leichtverletzten,5.0,3.0,,1.0,0.0,0.0,,,8.484895122000069,49.52396402300008,,,Einbiegen / Kreuzen-Unfall,"Fahrrad, Pkw",Zusammenstoß mit einbiegendem / kreuzendem Fahrzeug
147457.0,2017,3,17,2,Unfall mit Leichtverletzten,1.0,5.0,,1.0,0.0,0.0,,,8.486039031000075,49.45559460900006,,,Unfall durch ruhenden Verkehr,"Fahrrad, Pkw",Zusammenstoß mit anfahrendem/ anhaltendem/ ruhendem Fahrzeug
147664.0,2017,3,17,2,Unfall mit Leichtverletzten,4.0,2.0,,0.0,0.0,0.0,,,8.46575754500003,49.490834594000034,,,Abbiegeunfall,Fahrrad,Zusammenstoß mit entgegenkommendem Fahrzeug
147662.0,2017,3,16,2,Unfall mit Leichtverletzten,1.0,5.0,,1.0,0.0,0.0,,,8.465577937000035,49.48834827300004,,,Unfall durch ruhenden Verkehr,"Fahrrad, Pkw",Zusammenstoß mit anfahrendem/ anhaltendem/ ruhendem Fahrzeug
148013.0,2017,3,15,2,Unfall mit Leichtverletzten,0.0,7.0,,0.0,0.0,0.0,,,8.552083491000076,49.46904776200006,,,sonstiger Unfall,Fahrrad,Unfall anderer Art
147719.0,2017,3,10,2,Unfall mit Leichtverletzten,0.0,7.0,,0.0,0.0,0.0,,,8.50905590700006,49.48557931400006,,,sonstiger Unfall,Fahrrad,Unfall anderer Art
148012.0,2017,3,10,2,Unfall mit Leichtverletzten,5.0,3.0,,1.0,0.0,0.0,,,8.472499003000053,49.50009255800006,,,Einbiegen / Kreuzen-Unfall,"Fahrrad, Pkw",Zusammenstoß mit einbiegendem / kreuzendem Fahrzeug
148043.0,2017,3,19,1,Unfall mit Schwerverletzten,0.0,7.0,,0.0,0.0,0.0,,,8.53374820700003,49.42487852500005,,,sonstiger Unfall,Fahrrad,Unfall anderer Art
146664.0,2017,2,12,7,Unfall mit Leichtverletzten,5.0,3.0,,1.0,0.0,0.0,,,8.48209147600005,49.453947552000045,,,Einbiegen / Kreuzen-Unfall,"Fahrrad, Pkw",Zusammenstoß mit einbiegendem / kreuzendem Fahrzeug
146831.0,2017,2,12,7,Unfall mit Schwerverletzten,0.0,1.0,,0.0,0.0,0.0,,,8.504094314000042,49.44187364800007,,,Fahrunfall,Fahrrad,Unfall anderer Art
147374.0,2017,2,16,6,Unfall mit Leichtverletzten,2.0,6.0,,1.0,0.0,0.0,,,8.503012429000023,49.52643795800003,,,Unfall im Längsverkehr,"Fahrrad, Pkw",Zusammenstoß mit vorausfahrendem / wartendem Fahrzeug
41957.0,2017,2,7,6,Unfall mit Leichtverletzten,5.0,2.0,,1.0,0.0,0.0,,,8.455887640000071,49.48695625700003,,,Abbiegeunfall,"Fahrrad, Pkw",Zusammenstoß mit einbiegendem / kreuzendem Fahrzeug
147055.0,2017,2,16,5,Unfall mit Leichtverletzten,5.0,5.0,,1.0,0.0,0.0,,,8.502456731000052,49.45833506600008,,,Unfall durch ruhenden Verkehr,"Fahrrad, Pkw",Zusammenstoß mit einbiegendem / kreuzendem Fahrzeug
146703.0,2017,2,7,5,Unfall mit Leichtverletzten,5.0,2.0,,1.0,0.0,0.0,,,8.487842072000035,49.49558299400008,,,Abbiegeunfall,"Fahrrad, Pkw",Zusammenstoß mit einbiegendem / kreuzendem Fahrzeug
146733.0,2017,2,17,4,Unfall mit Leichtverletzten,5.0,3.0,,1.0,0.0,0.0,,,8.481832284000063,49.45810835000003,,,Einbiegen / Kreuzen-Unfall,"Fahrrad, Pkw",Zusammenstoß mit einbiegendem / kreuzendem Fahrzeug
42068.0,2017,2,8,4,Unfall mit Leichtverletzten,5.0,2.0,,0.0,0.0,0.0,,,8.45574070400005,49.48702013700006,,,Abbiegeunfall,Fahrrad,Zusammenstoß mit einbiegendem / kreuzendem Fahrzeug
147095.0,2017,2,8,4,Unfall mit Leichtverletzten,4.0,2.0,,1.0,0.0,0.0,,,8.48109546400002,49.45693789200004,,,Abbiegeunfall,"Fahrrad, Pkw",Zusammenstoß mit entgegenkommendem Fahrzeug
147094.0,2017,2,7,4,Unfall mit Leichtverletzten,5.0,3.0,,1.0,0.0,0.0,,,8.50550144500005,49.53528466000006,,,Einbiegen / Kreuzen-Unfall,"Fahrrad, Pkw",Zusammenstoß mit einbiegendem / kreuzendem Fahrzeug
147133.0,2017,2,19,3,Unfall mit Leichtverletzten,5.0,3.0,,1.0,0.0,0.0,,,8.481091107000054,49.45682240900004,,,Einbiegen / Kreuzen-Unfall,"Fahrrad, Pkw",Zusammenstoß mit einbiegendem / kreuzendem Fahrzeug
146922.0,2017,2,17,3,Unfall mit Leichtverletzten,0.0,7.0,,0.0,0.0,0.0,,,8.473849076000022,49.51812494400008,,,sonstiger Unfall,Fahrrad,Unfall anderer Art
147288.0,2017,2,8,3,Unfall mit Schwerverletzten,5.0,3.0,,1.0,0.0,0.0,,,8.481254831000058,49.49778484900003,,,Einbiegen / Kreuzen-Unfall,"Fahrrad, Pkw",Zusammenstoß mit einbiegendem / kreuzendem Fahrzeug
147315.0,2017,2,12,2,Unfall mit Leichtverletzten,1.0,5.0,,1.0,0.0,0.0,,,8.487579195000023,49.49590069600004,,,Unfall durch ruhenden Verkehr,"Fahrrad, Pkw",Zusammenstoß mit anfahrendem/ anhaltendem/ ruhendem Fahrzeug
41638.0,2017,2,10,1,Unfall mit Leichtverletzten,0.0,7.0,,0.0,0.0,0.0,,,8.564002171000027,49.46648195500006,,,sonstiger Unfall,Fahrrad,Unfall anderer Art
146325.0,2017,1,11,7,Unfall mit Schwerverletzten,5.0,3.0,,1.0,0.0,0.0,,,8.478776541000059,49.54696612900005,,,Einbiegen / Kreuzen-Unfall,"Fahrrad, Pkw",Zusammenstoß mit einbiegendem / kreuzendem Fahrzeug
146012.0,2017,1,20,5,Unfall mit Leichtverletzten,1.0,5.0,,1.0,0.0,0.0,,,8.494104445000062,49.45154408300005,,,Unfall durch ruhenden Verkehr,"Fahrrad, Pkw",Zusammenstoß mit anfahrendem/ anhaltendem/ ruhendem Fahrzeug
146384.0,2017,1,14,5,Unfall mit Leichtverletzten,0.0,5.0,,1.0,0.0,0.0,,,8.471418912000047,49.497585206000046,,,Unfall durch ruhenden Verkehr,"Fahrrad, Pkw",Unfall anderer Art
145881.0,2017,1,12,5,Unfall mit Leichtverletzten,5.0,3.0,,1.0,0.0,0.0,,,8.472503075000077,49.487132100000046,,,Einbiegen / Kreuzen-Unfall,"Fahrrad, Pkw",Zusammenstoß mit einbiegendem / kreuzendem Fahrzeug
145918.0,2017,1,7,4,Unfall mit Leichtverletzten,5.0,3.0,,0.0,0.0,0.0,,,8.470041073000061,49.50367894400006,,,Einbiegen / Kreuzen-Unfall,Fahrrad,Zusammenstoß mit einbiegendem / kreuzendem Fahrzeug
146049.0,2017,1,18,3,Unfall mit Leichtverletzten,5.0,3.0,,1.0,0.0,0.0,,,8.49271335700007,49.45435041900004,,,Einbiegen / Kreuzen-Unfall,"Fahrrad, Pkw",Zusammenstoß mit einbiegendem / kreuzendem Fahrzeug
146279.0,2017,1,16,2,Unfall mit Leichtverletzten,6.0,7.0,,0.0,1.0,0.0,,,8.467627246000063,49.49217197000007,,,sonstiger Unfall,"Fahrrad, Fußgänger",Zusammenstoß zwischen Fahrzeug und Fußgänger
146281.0,2017,1,7,2,Unfall mit Schwerverletzten,5.0,3.0,,1.0,0.0,0.0,,,8.519797028000028,49.488473156000055,,,Einbiegen / Kreuzen-Unfall,"Fahrrad, Pkw",Zusammenstoß mit einbiegendem / kreuzendem Fahrzeug
43622.0,2016,12,18,7,Unfall mit Leichtverletzten,5.0,2.0,2.0,0.0,0.0,0.0,0.0,,8.472469653,49.480600836,,,Abbiegeunfall,Fahrrad,Zusammenstoß mit einbiegendem / kreuzendem Fahrzeug
121572.0,2016,12,14,7,Unfall mit Leichtverletzten,3.0,2.0,0.0,0.0,0.0,0.0,0.0,,8.461656931,49.490386086,,,Abbiegeunfall,Fahrrad,Zusammenstoß mit seitlich in gleicher Richtung fahrendem Fahrzeug
121447.0,2016,12,11,7,Unfall mit Schwerverletzten,5.0,3.0,0.0,1.0,0.0,0.0,0.0,,8.528328163,49.434524169,,,Einbiegen / Kreuzen-Unfall,"Fahrrad, Pkw",Zusammenstoß mit einbiegendem / kreuzendem Fahrzeug
121912.0,2016,12,20,6,Unfall mit Leichtverletzten,5.0,3.0,2.0,1.0,0.0,0.0,0.0,,8.471695743,49.498721085,,,Einbiegen / Kreuzen-Unfall,"Fahrrad, Pkw",Zusammenstoß mit einbiegendem / kreuzendem Fahrzeug
121035.0,2016,12,16,6,Unfall mit Leichtverletzten,1.0,5.0,2.0,1.0,0.0,0.0,0.0,,8.49045484,49.456053018,,,Unfall durch ruhenden Verkehr,"Fahrrad, Pkw",Zusammenstoß mit anfahrendem/ anhaltendem/ ruhendem Fahrzeug
122214.0,2016,12,14,6,Unfall mit Leichtverletzten,1.0,5.0,0.0,1.0,0.0,0.0,0.0,,8.477596998,49.552179774,,,Unfall durch ruhenden Verkehr,"Fahrrad, Pkw",Zusammenstoß mit anfahrendem/ anhaltendem/ ruhendem Fahrzeug
121172.0,2016,12,12,6,Unfall mit Leichtverletzten,1.0,7.0,0.0,0.0,0.0,0.0,0.0,,8.475552449,49.479880362,,,sonstiger Unfall,Fahrrad,Zusammenstoß mit anfahrendem/ anhaltendem/ ruhendem Fahrzeug
121666.0,2016,12,21,5,Unfall mit Leichtverletzten,6.0,7.0,2.0,0.0,1.0,0.0,0.0,,8.46796935,49.489682387,,,sonstiger Unfall,"Fahrrad, Fußgänger",Zusammenstoß zwischen Fahrzeug und Fußgänger
121717.0,2016,12,19,5,Unfall mit Leichtverletzten,6.0,7.0,2.0,0.0,1.0,0.0,0.0,,8.473466315,49.484866221,,,sonstiger Unfall,"Fahrrad, Fußgänger",Zusammenstoß zwischen Fahrzeug und Fußgänger
121026.0,2016,12,17,5,Unfall mit Leichtverletzten,1.0,3.0,1.0,1.0,0.0,0.0,0.0,,8.462167699,49.487015075,,,Einbiegen / Kreuzen-Unfall,"Fahrrad, Pkw",Zusammenstoß mit anfahrendem/ anhaltendem/ ruhendem Fahrzeug
121994.0,2016,12,9,5,Unfall mit Schwerverletzten,0.0,7.0,0.0,0.0,0.0,0.0,0.0,,8.492598078,49.533025389,,,sonstiger Unfall,Fahrrad,Unfall anderer Art
122020.0,2016,12,10,4,Unfall mit Leichtverletzten,5.0,3.0,0.0,1.0,0.0,0.0,0.0,,8.506750687,49.509503817,,,Einbiegen / Kreuzen-Unfall,"Fahrrad, Pkw",Zusammenstoß mit einbiegendem / kreuzendem Fahrzeug
121439.0,2016,12,8,4,Unfall mit Leichtverletzten,0.0,1.0,1.0,0.0,0.0,0.0,0.0,,8.480633656,49.47146387,,,Fahrunfall,Fahrrad,Unfall anderer Art
121394.0,2016,12,18,3,Unfall mit Schwerverletzten,5.0,3.0,2.0,1.0,0.0,0.0,0.0,,8.482963966,49.481428167,,,Einbiegen / Kreuzen-Unfall,"Fahrrad, Pkw",Zusammenstoß mit einbiegendem / kreuzendem Fahrzeug
121727.0,2016,12,18,3,Unfall mit Leichtverletzten,5.0,2.0,0.0,1.0,0.0,0.0,0.0,,8.483777188,49.49725029,,,Abbiegeunfall,"Fahrrad, Pkw",Zusammenstoß mit einbiegendem / kreuzendem Fahrzeug
42802.0,2016,12,15,3,Unfall mit Leichtverletzten,1.0,5.0,0.0,1.0,0.0,0.0,0.0,,8.484897449,49.494382784,,,Unfall durch ruhenden Verkehr,"Fahrrad, Pkw",Zusammenstoß mit anfahrendem/ anhaltendem/ ruhendem Fahrzeug
121450.0,2016,12,14,3,Unfall mit Leichtverletzten,5.0,3.0,0.0,1.0,0.0,0.0,0.0,,8.493856127,49.45582455,,,Einbiegen / Kreuzen-Unfall,"Fahrrad, Pkw",Zusammenstoß mit einbiegendem / kreuzendem Fahrzeug
121427.0,2016,12,12,3,Unfall mit Schwerverletzten,5.0,2.0,0.0,1.0,0.0,0.0,0.0,,8.475109739,49.490919316,,,Abbiegeunfall,"Fahrrad, Pkw",Zusammenstoß mit einbiegendem / kreuzendem Fahrzeug
121571.0,2016,12,16,2,Unfall mit Schwerverletzten,5.0,5.0,0.0,0.0,0.0,1.0,0.0,,8.513926443,49.525118048,,,Unfall durch ruhenden Verkehr,"Fahrrad, Kraftrad",Zusammenstoß mit einbiegendem / kreuzendem Fahrzeug
43576.0,2016,12,19,1,Unfall mit Leichtverletzten,5.0,3.0,1.0,1.0,0.0,0.0,0.0,,8.488000603,49.497589671,,,Einbiegen / Kreuzen-Unfall,"Fahrrad, Pkw",Zusammenstoß mit einbiegendem / kreuzendem Fahrzeug
120357.0,2016,11,20,7,Unfall mit Leichtverletzten,5.0,3.0,2.0,1.0,0.0,0.0,0.0,,8.481118877,49.456830525,,,Einbiegen / Kreuzen-Unfall,"Fahrrad, Pkw",Zusammenstoß mit einbiegendem / kreuzendem Fahrzeug
41682.0,2016,11,19,7,Unfall mit Leichtverletzten,3.0,6.0,2.0,1.0,0.0,0.0,0.0,,8.462482724,49.484693229,,,Unfall im Längsverkehr,"Fahrrad, Pkw",Zusammenstoß mit seitlich in gleicher Richtung fahrendem Fahrzeug
120224.0,2016,11,15,5,Unfall mit Leichtverletzten,5.0,3.0,0.0,1.0,0.0,0.0,0.0,,8.473413771,49.539262634,,,Einbiegen / Kreuzen-Unfall,"Fahrrad, Pkw",Zusammenstoß mit einbiegendem / kreuzendem Fahrzeug
120235.0,2016,11,13,5,Unfall mit Leichtverletzten,5.0,3.0,0.0,1.0,0.0,0.0,0.0,,8.509555559,49.509364053,,,Einbiegen / Kreuzen-Unfall,"Fahrrad, Pkw",Zusammenstoß mit einbiegendem / kreuzendem Fahrzeug
120834.0,2016,11,10,5,Unfall mit Leichtverletzten,3.0,7.0,0.0,1.0,0.0,0.0,0.0,,8.485496543,49.489098962,,,sonstiger Unfall,"Fahrrad, Pkw",Zusammenstoß mit seitlich in gleicher Richtung fahrendem Fahrzeug
120615.0,2016,11,5,5,Unfall mit Leichtverletzten,1.0,6.0,2.0,0.0,0.0,0.0,1.0,,8.471955211,49.520265603,,,Unfall im Längsverkehr,"Fahrrad, LKW",Zusammenstoß mit anfahrendem/ anhaltendem/ ruhendem Fahrzeug
40503.0,2016,11,19,4,Unfall mit Schwerverletzten,1.0,5.0,2.0,1.0,0.0,0.0,0.0,,8.488861908,49.46289669,,,Unfall durch ruhenden Verkehr,"Fahrrad, Pkw",Zusammenstoß mit anfahrendem/ anhaltendem/ ruhendem Fahrzeug
120378.0,2016,11,16,4,Unfall mit Leichtverletzten,5.0,3.0,0.0,1.0,0.0,0.0,0.0,,8.47169377,49.51302,,,Einbiegen / Kreuzen-Unfall,"Fahrrad, Pkw",Zusammenstoß mit einbiegendem / kreuzendem Fahrzeug
120372.0,2016,11,15,4,Unfall mit Leichtverletzten,6.0,7.0,0.0,0.0,1.0,0.0,0.0,,8.467190083,49.487539223,,,sonstiger Unfall,"Fahrrad, Fußgänger",Zusammenstoß zwischen Fahrzeug und Fußgänger
120987.0,2016,11,15,4,Unfall mit Leichtverletzten,5.0,2.0,0.0,1.0,0.0,0.0,0.0,,8.485472079,49.459250409,,,Abbiegeunfall,"Fahrrad, Pkw",Zusammenstoß mit einbiegendem / kreuzendem Fahrzeug
120687.0,2016,11,12,4,Unfall mit Leichtverletzten,0.0,7.0,0.0,0.0,0.0,0.0,0.0,,8.478279833,49.480644051,,,sonstiger Unfall,Fahrrad,Unfall anderer Art
121052.0,2016,11,12,4,Unfall mit Leichtverletzten,5.0,3.0,0.0,1.0,0.0,0.0,0.0,,8.481691544,49.499038473,,,Einbiegen / Kreuzen-Unfall,"Fahrrad, Pkw",Zusammenstoß mit einbiegendem / kreuzendem Fahrzeug
41857.0,2016,11,0,4,Unfall mit Leichtverletzten,5.0,3.0,2.0,0.0,0.0,0.0,0.0,,8.465076326,49.540208081,,,Einbiegen / Kreuzen-Unfall,Fahrrad,Zusammenstoß mit einbiegendem / kreuzendem Fahrzeug
42462.0,2016,11,17,3,Unfall mit Schwerverletzten,5.0,3.0,2.0,1.0,0.0,0.0,0.0,,8.488190152,49.497594718,,,Einbiegen / Kreuzen-Unfall,"Fahrrad, Pkw",Zusammenstoß mit einbiegendem / kreuzendem Fahrzeug
42257.0,2016,11,14,3,Unfall mit Schwerverletzten,5.0,3.0,0.0,0.0,0.0,0.0,0.0,,8.486879991,49.496389652,,,Einbiegen / Kreuzen-Unfall,Fahrrad,Zusammenstoß mit einbiegendem / kreuzendem Fahrzeug
120828.0,2016,11,9,3,Unfall mit Leichtverletzten,1.0,5.0,0.0,1.0,0.0,0.0,0.0,,8.466861846,49.486467629,,,Unfall durch ruhenden Verkehr,"Fahrrad, Pkw",Zusammenstoß mit anfahrendem/ anhaltendem/ ruhendem Fahrzeug
120934.0,2016,11,6,3,Unfall mit Leichtverletzten,5.0,3.0,2.0,1.0,0.0,0.0,0.0,,8.468180903,49.476775484,,,Einbiegen / Kreuzen-Unfall,"Fahrrad, Pkw",Zusammenstoß mit einbiegendem / kreuzendem Fahrzeug
120498.0,2016,11,13,2,Unfall mit Leichtverletzten,6.0,2.0,0.0,0.0,1.0,0.0,0.0,,8.484914673,49.523994744,,,Abbiegeunfall,"Fahrrad, Fußgänger",Zusammenstoß zwischen Fahrzeug und Fußgänger
120653.0,2016,11,13,2,Unfall mit Leichtverletzten,0.0,7.0,0.0,0.0,0.0,0.0,0.0,,8.474106798,49.482443355,,,sonstiger Unfall,Fahrrad,Unfall anderer Art
120231.0,2016,11,14,1,Unfall mit Schwerverletzten,5.0,3.0,0.0,1.0,0.0,0.0,0.0,,8.483735478,49.497365437,,,Einbiegen / Kreuzen-Unfall,"Fahrrad, Pkw",Zusammenstoß mit einbiegendem / kreuzendem Fahrzeug
120088.0,2016,10,9,6,Unfall mit Leichtverletzten,4.0,2.0,0.0,1.0,0.0,0.0,0.0,,8.471037984,49.510147766,,,Abbiegeunfall,"Fahrrad, Pkw",Zusammenstoß mit entgegenkommendem Fahrzeug
119483.0,2016,10,14,5,Unfall mit Leichtverletzten,5.0,3.0,0.0,1.0,0.0,0.0,0.0,,8.500285792,49.514194475,,,Einbiegen / Kreuzen-Unfall,"Fahrrad, Pkw",Zusammenstoß mit einbiegendem / kreuzendem Fahrzeug
40364.0,2016,10,12,5,Unfall mit Leichtverletzten,5.0,3.0,0.0,1.0,0.0,0.0,0.0,,8.470831978,49.51111728,,,Einbiegen / Kreuzen-Unfall,"Fahrrad, Pkw",Zusammenstoß mit einbiegendem / kreuzendem Fahrzeug
119916.0,2016,10,12,5,Unfall mit Leichtverletzten,5.0,3.0,0.0,1.0,0.0,0.0,0.0,,8.471703511,49.498722179,,,Einbiegen / Kreuzen-Unfall,"Fahrrad, Pkw",Zusammenstoß mit einbiegendem / kreuzendem Fahrzeug
39726.0,2016,10,7,5,Unfall mit Leichtverletzten,3.0,5.0,0.0,1.0,0.0,0.0,0.0,,8.525898548,49.435246945,,,Unfall durch ruhenden Verkehr,"Fahrrad, Pkw",Zusammenstoß mit seitlich in gleicher Richtung fahrendem Fahrzeug
40270.0,2016,10,17,4,Unfall mit Leichtverletzten,4.0,6.0,0.0,1.0,0.0,0.0,0.0,,8.486572932,49.465471171,,,Unfall im Längsverkehr,"Fahrrad, Pkw",Zusammenstoß mit entgegenkommendem Fahrzeug
119338.0,2016,10,16,4,Unfall mit Leichtverletzten,5.0,3.0,0.0,1.0,0.0,0.0,0.0,,8.468576593,49.554143413,,,Einbiegen / Kreuzen-Unfall,"Fahrrad, Pkw",Zusammenstoß mit einbiegendem / kreuzendem Fahrzeug
119416.0,2016,10,15,4,Unfall mit Leichtverletzten,4.0,2.0,0.0,1.0,0.0,0.0,0.0,,8.487047645,49.463184468,,,Abbiegeunfall,"Fahrrad, Pkw",Zusammenstoß mit entgegenkommendem Fahrzeug
120164.0,2016,10,10,4,Unfall mit Leichtverletzten,2.0,6.0,0.0,1.0,0.0,0.0,0.0,,8.48472686,49.480320833,,,Unfall im Längsverkehr,"Fahrrad, Pkw",Zusammenstoß mit vorausfahrendem / wartendem Fahrzeug
39376.0,2016,10,7,4,Unfall mit Leichtverletzten,4.0,6.0,0.0,0.0,0.0,0.0,0.0,,8.485371029,49.466819455,,,Unfall im Längsverkehr,Fahrrad,Zusammenstoß mit entgegenkommendem Fahrzeug
38987.0,2016,10,11,3,Unfall mit Leichtverletzten,2.0,6.0,0.0,1.0,0.0,0.0,0.0,,8.472363784,49.482393598,,,Unfall im Längsverkehr,"Fahrrad, Pkw",Zusammenstoß mit vorausfahrendem / wartendem Fahrzeug
39709.0,2016,10,9,3,Unfall mit Leichtverletzten,1.0,5.0,0.0,1.0,0.0,0.0,0.0,,8.487555613,49.464499369,,,Unfall durch ruhenden Verkehr,"Fahrrad, Pkw",Zusammenstoß mit anfahrendem/ anhaltendem/ ruhendem Fahrzeug
119300.0,2016,10,8,3,Unfall mit Leichtverletzten,3.0,5.0,0.0,1.0,0.0,0.0,0.0,,8.472542696,49.499766559,,,Unfall durch ruhenden Verkehr,"Fahrrad, Pkw",Zusammenstoß mit seitlich in gleicher Richtung fahrendem Fahrzeug
119940.0,2016,10,8,3,Unfall mit Schwerverletzten,5.0,3.0,0.0,1.0,0.0,0.0,0.0,,8.476488304,49.465126886,,,Einbiegen / Kreuzen-Unfall,"Fahrrad, Pkw",Zusammenstoß mit einbiegendem / kreuzendem Fahrzeug